titre,ID_Realisateur,nb_Oscars,nb_Entrees,annee,genre
Seat particular.,572,1,497871,1956,['Documentaire']
White name.,584,8,496371,2003,['Comédie']
Sense above action.,429,3,37903,1986,['Action']
Ok reason give man.,767,3,340318,2006,['Science-fiction']
Save him I.,957,0,611552,2011,['Crime']
Condition memory.,121,2,731340,1960,['Histoire']
Baby guess.,509,2,876602,1984,['Western']
He those reveal.,571,9,947550,1970,['Histoire']
Together top bill.,334,0,854695,2023,['Fantaisie']
Will any civil.,451,3,274715,2018,['Histoire']
Wind can but.,58,9,850438,1975,['Western']
Reach need.,779,8,874275,1976,['Science-fiction']
Them what pretty.,706,2,852189,2019,['Musical']
Billion enough.,864,0,46986,2001,['Guerre']
Sure floor.,54,5,80512,1982,['Drame']
Light course picture edge.,20,1,708816,1979,['Fantaisie']
Everyone none.,911,10,670283,1976,['Musical']
Return decide whom.,572,1,623530,1994,['Crime']
Million next black.,304,10,495492,1977,['Western']
Finally read approach.,936,6,725754,1979,['Documentaire']
Heart teacher will.,245,2,232747,1983,['Histoire']
Article car face.,744,10,455838,2018,['Horreur']
Himself opportunity list.,29,6,13945,1966,['Documentaire']
Character year short.,156,9,38564,1992,['Science-fiction']
Report.,608,8,247495,2015,['Horreur']
Development.,938,5,907359,1951,['Aventure']
That least dinner.,243,7,713851,1987,['Comédie']
Impact year since.,621,1,79660,1953,['Familial']
Future find.,31,4,381744,1966,['Mystère']
Majority foreign collection.,86,0,322143,1982,['Action']
Give significant leave.,176,5,151157,2016,['Comédie']
Some husband give alone.,282,6,328527,1951,['Comédie']
Hope.,494,2,448038,1995,['Guerre']
Traditional these.,173,2,780671,1970,['Guerre']
Nice left above.,74,10,570478,1980,['Familial']
Story natural.,480,0,482098,1987,['Histoire']
Draw social which.,478,6,327759,2022,['Fantaisie']
And.,526,8,985581,2021,['Guerre']
Late.,500,9,131257,2014,['Western']
Morning personal require.,732,2,420955,1996,['Western']
To whether.,289,10,599678,1997,['Fantaisie']
Although dark.,739,0,58797,2007,['Crime']
Find guy plan.,425,2,896421,1982,['Animation']
Couple agree.,538,0,696160,1994,['Biographie']
Cell successful require.,893,7,741039,1994,['Drame']
Put.,477,4,77073,1956,['Familial']
Kitchen quality.,334,9,529224,1967,['Science-fiction']
Each drug then.,222,6,72966,2009,['Crime']
Middle.,631,10,748248,2022,['Documentaire']
Yourself.,815,6,851463,2019,['Thriller']
Floor growth special she.,323,0,33472,1960,['Comédie']
Ready thought.,767,6,441527,1991,['Thriller']
Trade drop under.,3,2,467491,2020,['Drame']
Dog however fill.,526,2,459530,1999,['Mystère']
Occur trial buy.,500,1,632731,1999,['Guerre']
Do candidate politics almost.,304,9,828423,1953,['Science-fiction']
Either wide pull.,832,7,147092,1997,['Animation']
Loss south.,478,9,78699,2004,['Drame']
Teacher walk.,134,7,362678,1959,['Animation']
Discover air television.,960,2,649387,1955,['Histoire']
Effort sound move.,579,7,464675,1956,['Documentaire']
Capital laugh wind.,131,0,813583,2000,['Documentaire']
Capital to.,103,10,439450,1991,['Documentaire']
During of.,535,8,825991,1989,['Musical']
Current blood education.,411,8,137082,2010,['Romance']
Style prove.,774,9,549473,1984,['Fantaisie']
Cold point peace.,974,2,936203,2022,['Horreur']
Contain trip your main.,242,8,163973,1990,['Aventure']
Condition offer yard.,32,8,235000,1982,['Horreur']
High leave.,520,2,433776,1952,['Western']
Argue state.,247,9,679985,2022,['Thriller']
Activity fear many.,18,7,407690,1983,['Drame']
Public time.,382,7,51127,1961,['Aventure']
Short will piece end.,621,6,852152,1982,['Documentaire']
Ok.,679,10,233236,1966,['Musical']
Result stage pattern million.,419,6,193474,1990,['Horreur']
Student ten lay become.,453,0,812103,2009,['Western']
Capital church realize.,177,2,491456,1998,['Familial']
Threat fire.,694,8,740972,1974,['Action']
Claim spring his.,964,3,768671,2007,['Aventure']
Whose certainly situation this.,575,0,536511,1972,['Science-fiction']
Fast character individual cultural.,676,7,327281,1977,['Romance']
Bag company.,112,1,722448,1984,['Histoire']
Term give defense.,92,4,164884,1973,['Western']
Project.,406,10,809281,1979,['Comédie']
Every way.,908,4,802638,1985,['Documentaire']
Citizen difference.,228,0,825886,2020,['Horreur']
Pretty.,335,3,37027,1964,['Mystère']
Onto half.,120,3,685293,1958,['Comédie']
Available marriage him boy.,707,5,539679,1955,['Romance']
Sea these.,333,9,675310,2005,['Musical']
Sort.,569,1,171690,2024,['Thriller']
Still usually.,846,8,564668,1952,['Animation']
Beyond team sport street.,113,0,74042,1986,['Drame']
Conference but.,774,3,991916,2012,['Guerre']
Yet enter our.,241,8,588413,1968,['Thriller']
Beautiful always.,643,2,153040,1998,['Horreur']
Prove wife.,972,1,342465,2020,['Animation']
Traditional quickly.,151,9,114578,2007,['Fantaisie']
Whom contain others.,295,0,723978,1995,['Biographie']
View these.,423,3,78452,1966,['Documentaire']
That bag listen happy.,58,9,4730,1965,['Biographie']
Race represent shoulder.,468,9,565333,1963,['Horreur']
Quickly plan eye.,499,8,346944,2006,['Thriller']
Include long mind.,367,0,53237,1956,['Comédie']
Bank floor really.,467,9,101746,1986,['Guerre']
Red short.,360,10,949974,1979,['Horreur']
Fire street.,608,0,901570,1975,['Animation']
Give letter thousand.,429,7,254824,1954,['Musical']
Go game.,535,9,210015,1993,['Action']
Position or.,656,1,183248,1964,['Comédie']
Project reduce although.,640,4,440924,1969,['Aventure']
North often leader.,145,1,738529,1962,['Documentaire']
Fish less.,38,3,172417,2016,['Animation']
Fund throw.,242,7,583977,1977,['Drame']
Billion.,331,7,674441,2022,['Biographie']
Interest pressure.,815,5,144958,1967,['Guerre']
Purpose join cover.,725,5,551375,2000,['Aventure']
Glass reflect under.,613,1,708064,1956,['Histoire']
Risk research.,263,2,346641,2005,['Comédie']
Into class.,877,7,65969,1998,['Comédie']
And lot.,950,1,421382,1979,['Comédie']
Upon benefit later.,455,7,414991,1950,['Thriller']
Him special energy start.,948,3,30829,1980,['Musical']
Candidate already success.,106,10,113856,2002,['Documentaire']
While wrong ask late.,434,3,904113,1956,['Western']
Guy cover.,643,6,485309,1988,['Western']
Sign.,104,8,901963,1978,['Drame']
Father four.,266,0,493225,1960,['Drame']
Interest guy cultural.,474,10,634197,1990,['Animation']
Forget only.,723,4,576361,1966,['Documentaire']
A center.,74,10,292885,1974,['Thriller']
Life save heart.,120,3,369310,1963,['Thriller']
Condition still college.,764,6,581165,2000,['Action']
Soon firm sell.,372,8,994598,1970,['Guerre']
Above right.,151,5,771988,1962,['Histoire']
Man choose.,867,6,424590,2012,['Romance']
Walk financial.,729,10,401765,1995,['Aventure']
Marriage miss.,472,0,549410,2000,['Histoire']
Since coach situation.,701,7,388740,1957,['Science-fiction']
Consider wrong inside mention.,656,0,775059,1974,['Horreur']
Thousand meeting their.,569,9,823066,1969,['Histoire']
Race national test.,76,0,308677,1987,['Biographie']
Window carry.,449,1,450886,1966,['Science-fiction']
More college.,935,7,586891,1982,['Histoire']
Billion likely.,734,3,803915,1967,['Guerre']
Live perhaps little hundred.,985,3,804881,2016,['Thriller']
Baby choice.,436,2,18388,2016,['Drame']
Up chair.,438,1,197552,2011,['Horreur']
Before store law.,896,3,16759,1955,['Western']
Whether pay.,142,6,973317,2017,['Guerre']
Issue fill sit.,530,3,664118,1996,['Thriller']
Condition.,953,7,827758,1999,['Horreur']
College area ability.,100,2,821455,2000,['Aventure']
System consider friend.,147,7,819104,1962,['Romance']
Message wrong option.,825,0,755754,1994,['Familial']
Its test large.,627,3,783394,2006,['Familial']
Dog throughout.,162,3,955054,1974,['Science-fiction']
Section feeling machine.,821,7,522232,2020,['Aventure']
Offer assume.,47,0,664372,1974,['Romance']
Movement.,526,5,988134,1969,['Thriller']
Card natural.,388,2,692135,1987,['Drame']
Commercial nation.,931,0,33937,1950,['Horreur']
Tonight task much agent.,758,3,57909,2015,['Science-fiction']
Newspaper line would paper.,961,10,798789,2005,['Western']
Campaign.,227,8,498309,1957,['Animation']
Service them.,960,3,108051,1984,['Mystère']
Style surface.,906,5,933818,1982,['Romance']
Open make maybe get.,70,9,118288,1968,['Drame']
Appear high stay left.,822,5,900570,2003,['Science-fiction']
Could memory as.,704,10,945698,1952,['Histoire']
Site large participant.,255,4,242361,1969,['Comédie']
Person open yet.,723,0,514502,2019,['Crime']
Poor worker indicate.,307,7,305201,1982,['Western']
Forget sell.,606,0,393615,1961,['Documentaire']
More food.,585,6,983758,1950,['Guerre']
Physical half series.,969,4,400348,2024,['Crime']
Garden certainly these.,945,8,361718,1952,['Crime']
Structure.,853,2,528817,1964,['Biographie']
Professor everybody.,617,9,519326,1989,['Drame']
Structure child will establish.,460,9,921801,1954,['Musical']
Song.,209,7,887138,1966,['Science-fiction']
Control its.,160,0,321496,2021,['Histoire']
Student.,812,5,283038,2022,['Musical']
Form let performance.,698,1,730201,1965,['Romance']
He cause support.,528,6,124247,1983,['Horreur']
Trade big.,461,9,791566,2018,['Romance']
Then enter door.,404,0,763877,1990,['Comédie']
Reflect conference raise.,625,10,72469,1998,['Guerre']
Opportunity step history.,276,7,714727,1975,['Western']
Scene scene after.,121,4,842487,1982,['Guerre']
Mention current drop.,594,8,977697,2012,['Musical']
Explain wear would.,759,5,709676,1993,['Crime']
People magazine.,742,10,587966,1981,['Documentaire']
Fund stay.,515,1,267922,2010,['Aventure']
Family enjoy.,400,1,615653,1991,['Comédie']
Day anyone safe.,224,0,869199,2017,['Musical']
Foot heart our smile.,914,8,537027,2011,['Crime']
Field program keep.,394,8,385534,1958,['Science-fiction']
Build maintain.,889,0,52317,1966,['Guerre']
Enough system.,373,4,532933,1957,['Biographie']
Yes former field.,74,0,446870,2014,['Biographie']
Leader performance.,939,10,85501,1978,['Drame']
Allow tell senior.,911,5,527924,1972,['Comédie']
Speech well.,721,6,494524,1974,['Histoire']
Media picture.,425,3,65921,1952,['Comédie']
Must poor than where.,586,10,705358,1954,['Thriller']
Order simple.,595,10,528610,1963,['Documentaire']
Career over.,413,3,650232,2008,['Familial']
Health participant main.,643,8,476168,1979,['Guerre']
Outside without large.,734,1,728782,1989,['Romance']
Everything will agreement.,528,9,718418,1957,['Western']
Bad mother wear.,49,10,172720,1975,['Animation']
Drop think.,490,9,154247,2003,['Histoire']
Especially level allow them.,785,3,708833,1957,['Mystère']
Increase step player animal.,118,6,628435,1988,['Drame']
Fill.,832,1,995459,1986,['Drame']
Sign bar.,11,8,467593,1998,['Crime']
Size size.,929,2,678322,2007,['Musical']
Enough weight.,805,1,313321,1989,['Thriller']
Raise choose.,214,1,545501,1958,['Action']
Father improve.,161,1,699964,1986,['Guerre']
Suddenly various left.,45,7,325339,2017,['Horreur']
Life degree daughter general.,966,6,785581,1975,['Musical']
Avoid institution special.,180,8,606417,1980,['Biographie']
Early participant direction.,778,4,241789,1963,['Biographie']
Gun feeling food.,360,6,462790,1956,['Western']
Such fine economy.,499,5,129080,2007,['Fantaisie']
Provide.,953,9,368383,1973,['Romance']
Suddenly discuss.,0,10,78297,1971,['Familial']
Human.,444,2,172817,1978,['Aventure']
Deal card measure.,734,2,57268,2021,['Horreur']
Quickly across.,51,2,531055,1995,['Familial']
Control.,8,10,946575,2001,['Biographie']
Word although.,812,9,433996,2013,['Science-fiction']
Million leave likely.,442,3,509109,1988,['Drame']
Care according.,886,6,820969,2024,['Mystère']
Approach argue.,552,0,737736,1959,['Science-fiction']
Feel artist hope.,612,2,808977,1965,['Documentaire']
Mother southern.,559,9,824825,1968,['Thriller']
Watch.,747,9,368317,1991,['Musical']
Executive past.,586,8,709356,2024,['Guerre']
Painting there.,949,9,723884,1995,['Musical']
Color law international.,263,0,293420,2005,['Animation']
Site exist key.,683,1,624404,2002,['Horreur']
With another art.,725,10,357163,1985,['Animation']
Order magazine people.,595,5,526476,1952,['Horreur']
Artist decision.,223,6,114638,1977,['Crime']
Low prepare east.,520,2,637348,1990,['Drame']
Agency take.,714,1,569228,2010,['Musical']
Stop inside with.,32,8,506814,1977,['Comédie']
Name test.,252,0,124091,2005,['Crime']
Red degree lose.,194,5,377359,1958,['Musical']
Painting ask blue.,542,10,632386,1950,['Histoire']
Drive instead.,658,1,491719,2017,['Aventure']
Follow language present public.,563,3,33722,1984,['Western']
Structure ten.,72,4,320561,2010,['Drame']
Total down.,184,8,444141,1981,['Mystère']
Hit character.,358,7,104801,1958,['Guerre']
Official.,333,0,118697,1975,['Fantaisie']
Week sit team.,551,5,866530,2002,['Comédie']
Deal civil.,63,5,140683,1989,['Thriller']
Develop or him.,933,0,71349,1989,['Crime']
Produce accept deal.,384,9,739405,1980,['Romance']
Race.,892,10,950076,1960,['Aventure']
Read real.,944,2,37389,1963,['Musical']
Top could American.,230,0,502194,1963,['Crime']
Know.,28,0,482810,1989,['Animation']
Argue agency.,68,5,482446,1978,['Mystère']
Morning concern.,691,5,138111,1986,['Animation']
Several about almost.,97,9,903538,1962,['Romance']
Price spring effect.,456,3,491531,1994,['Horreur']
Actually type participant feel.,970,4,846494,1977,['Thriller']
Recently appear official.,932,4,938189,1998,['Thriller']
Exist language dark.,181,6,554557,2001,['Crime']
Get enough center week.,267,10,544346,2014,['Western']
Church treatment.,491,0,654487,1978,['Crime']
Thousand.,87,1,751786,1972,['Crime']
Me whom.,119,1,890952,2011,['Documentaire']
Admit sit how.,945,7,451047,1960,['Musical']
Challenge commercial.,14,10,502863,1998,['Musical']
Trip hotel.,247,6,532190,2009,['Romance']
Tv address become education.,363,4,906015,2010,['Animation']
A cost.,822,1,938586,1990,['Musical']
Deep city including economic.,71,2,336569,1991,['Crime']
Throw side return.,264,7,720673,1975,['Action']
Morning sing ability.,383,3,860974,2017,['Guerre']
Nothing detail notice.,967,7,954469,1961,['Science-fiction']
Exist inside though.,604,7,81072,1973,['Action']
Rule effect.,324,5,257195,1950,['Romance']
Professor with.,665,8,767481,2004,['Familial']
Environmental fund.,540,5,414283,1981,['Horreur']
Major truth voice.,841,7,16524,1977,['Guerre']
Prevent red special.,821,1,246695,1996,['Drame']
Half about gas.,291,9,136230,1983,['Histoire']
Too oil.,260,9,731336,1991,['Drame']
Nothing nation exist.,633,4,823688,1977,['Biographie']
Fear without.,535,0,679954,1985,['Musical']
Lot art.,905,5,245605,2021,['Horreur']
Hit instead.,235,1,674260,1971,['Biographie']
Choice.,268,5,342151,1951,['Romance']
There ahead behavior.,797,10,676965,1996,['Documentaire']
Grow add.,972,3,595343,1955,['Thriller']
Month its during wall.,657,10,683837,1988,['Thriller']
Carry budget own.,631,9,111525,1985,['Guerre']
When.,216,3,72810,2012,['Romance']
Sometimes pattern.,375,0,873604,1995,['Comédie']
Series bank green.,488,1,812174,1956,['Drame']
Course how power south.,703,1,42178,1978,['Romance']
No friend according couple.,640,2,424290,1969,['Comédie']
Ago white successful.,203,3,11396,2016,['Romance']
Them work.,538,4,533685,1966,['Animation']
Couple home series.,358,1,972498,1956,['Horreur']
Although when nothing.,18,7,384704,1984,['Guerre']
Statement nor.,848,5,722898,1959,['Crime']
Area put.,99,0,986893,2002,['Documentaire']
This.,517,3,524623,1972,['Histoire']
Skill enough seven.,157,8,536855,2005,['Documentaire']
Modern way voice.,937,3,798475,2016,['Action']
House cause force.,660,10,779574,2019,['Aventure']
Ever.,862,7,903123,2003,['Crime']
Left.,292,0,935006,1951,['Aventure']
Stay course.,520,4,672017,2013,['Histoire']
Standard situation ever.,890,3,799284,2012,['Horreur']
Development.,719,0,365121,1986,['Animation']
Movie require.,90,6,133319,1951,['Western']
College note.,654,2,612977,1995,['Western']
Image when capital.,807,6,811498,2008,['Horreur']
Develop ready.,744,5,850628,1999,['Romance']
Art baby.,747,3,182256,1998,['Romance']
Me role late.,702,7,27698,2013,['Aventure']
Able senior.,913,6,31274,1995,['Drame']
Impact write oil.,510,4,812657,1970,['Comédie']
Art senior continue value.,172,4,741948,1965,['Horreur']
Population just.,902,10,966670,1984,['Comédie']
Organization attack.,314,4,363644,2018,['Musical']
Recognize TV majority.,688,1,744313,1981,['Crime']
Degree language final contain.,138,7,64311,1955,['Biographie']
Her wall.,206,0,694570,2007,['Documentaire']
Kitchen ask.,692,9,433117,1982,['Biographie']
Catch idea.,401,3,276485,2003,['Guerre']
Safe soldier hair.,521,5,162517,1959,['Horreur']
Scene vote.,10,8,397445,2012,['Animation']
Situation these.,679,10,872634,1989,['Western']
Indicate another.,576,6,742079,1960,['Aventure']
Truth realize.,405,0,16889,2012,['Horreur']
Throughout happy.,483,4,250553,2022,['Fantaisie']
Artist seek.,454,4,841206,1970,['Familial']
Wall fight story important.,129,7,301873,1972,['Drame']
Building race.,72,2,398584,1984,['Horreur']
Water score analysis thank.,658,4,283011,1966,['Biographie']
Feel risk.,605,5,163060,1962,['Fantaisie']
School wait.,927,4,452294,2010,['Romance']
Store executive.,329,9,220757,2020,['Histoire']
Five politics.,928,2,89124,1977,['Western']
Tough include history.,919,1,576528,1999,['Action']
Day.,912,6,307877,1994,['Musical']
Marriage energy able.,153,3,254100,1960,['Documentaire']
Live explain meeting early.,288,10,598424,1956,['Mystère']
Trade rise.,192,7,686077,1997,['Romance']
Continue own.,214,5,201353,2004,['Musical']
Recognize change.,499,9,752632,2003,['Crime']
Wife population.,714,3,617093,2013,['Biographie']
Course produce information.,221,8,758085,2023,['Mystère']
Morning.,14,3,520520,1965,['Animation']
Clear hope difference.,79,7,59848,1997,['Aventure']
Leader yeah less.,922,1,714915,1969,['Biographie']
Begin lead lose foot.,761,6,809836,1971,['Histoire']
Say include.,449,8,651941,2002,['Comédie']
Also imagine.,428,3,163736,1981,['Drame']
Rise hotel.,326,5,523118,1966,['Science-fiction']
Well rock.,993,8,840506,2019,['Romance']
Answer other sign.,341,0,942352,2016,['Documentaire']
Care bill.,533,4,90514,2008,['Horreur']
Teacher attention.,62,3,258048,1985,['Thriller']
Set.,91,7,415349,1961,['Action']
We opportunity information.,884,5,257120,1952,['Crime']
Poor give interest.,762,4,78671,2024,['Guerre']
Small painting.,229,2,210781,2019,['Animation']
Each them.,520,7,233546,2013,['Science-fiction']
Nice among.,785,6,963507,1985,['Documentaire']
Human their born.,238,1,618906,1973,['Crime']
Culture fast today.,197,7,789711,2017,['Fantaisie']
Analysis material reflect.,420,0,110616,1972,['Animation']
Run fight.,361,8,669601,1961,['Drame']
Section attack serve.,50,0,272033,1994,['Fantaisie']
Later figure get.,338,7,174297,1988,['Drame']
Civil while both.,247,0,52903,1994,['Aventure']
Free accept history.,540,4,521561,1988,['Western']
Sister entire two.,37,4,423203,2017,['Animation']
Because policy where.,836,9,160115,1992,['Comédie']
Race likely usually.,976,1,935833,2018,['Thriller']
Who look happy.,282,1,405834,1999,['Horreur']
Mrs exactly painting.,167,6,442152,2000,['Biographie']
Recognize participant.,14,1,324395,1965,['Aventure']
Recently understand.,31,10,391435,1974,['Action']
Line tonight.,248,0,94449,2001,['Drame']
Should cell around eye.,109,10,139659,1958,['Science-fiction']
Decade three time.,724,4,203702,2023,['Animation']
Return account campaign.,511,2,557505,2010,['Science-fiction']
Own ready treatment job.,400,4,365326,2024,['Histoire']
Later effort.,248,9,62393,1974,['Musical']
Behind very.,829,4,121620,1988,['Fantaisie']
Word important too.,157,9,589554,1961,['Documentaire']
We once back.,730,7,22572,1980,['Familial']
Far well.,38,5,936611,1976,['Crime']
Continue increase.,769,7,104452,1954,['Science-fiction']
Beat toward.,271,8,268711,1953,['Thriller']
Three serious responsibility.,411,7,484347,2017,['Aventure']
Walk affect.,56,4,435605,1977,['Documentaire']
Officer concern travel.,118,1,726245,1950,['Mystère']
Role bank.,121,4,899983,1951,['Thriller']
Someone image nice.,855,10,271340,2015,['Animation']
That rich.,791,10,330345,1955,['Mystère']
Song finally accept.,53,10,101869,1998,['Documentaire']
Operation central training.,449,8,527130,1953,['Horreur']
Board until work.,151,1,243341,1970,['Action']
Building threat bar.,174,2,127583,1972,['Mystère']
American especially last.,208,7,436435,2017,['Crime']
People somebody.,512,4,937496,1983,['Animation']
He back view.,335,8,962175,2020,['Aventure']
Personal among address analysis.,17,6,923941,1952,['Romance']
Price into interview.,640,7,224558,1950,['Horreur']
Think go how.,488,0,353872,2013,['Action']
Serve little.,283,9,361584,1952,['Crime']
Check.,519,9,491641,1969,['Aventure']
Region alone almost year.,42,8,3621,2017,['Animation']
Else laugh.,873,10,905100,1950,['Documentaire']
Who subject board.,374,6,302236,1999,['Biographie']
Human center commercial.,191,5,606131,1980,['Familial']
Anything model capital.,591,6,6401,2013,['Science-fiction']
Hour type.,686,7,262534,1992,['Fantaisie']
State if simple.,646,1,937469,1973,['Horreur']
Both could cause.,76,8,265921,1973,['Familial']
Customer low.,589,5,446318,1997,['Mystère']
Lawyer find popular.,143,9,790020,2021,['Western']
Whatever rise.,992,1,357920,1977,['Mystère']
One bit method.,110,5,788329,2016,['Animation']
Be local.,876,6,258427,1953,['Horreur']
Option court couple.,477,8,172487,2021,['Romance']
Player carry.,359,5,513574,1989,['Fantaisie']
For.,113,3,83153,1958,['Histoire']
Add though edge stay.,587,5,424628,1969,['Biographie']
Activity wide.,834,7,537827,2003,['Biographie']
Protect politics save hair.,710,10,65931,1968,['Mystère']
Degree difference guess international.,900,4,503316,1980,['Thriller']
Fire claim.,638,4,421377,2024,['Biographie']
Light name.,677,3,432613,2012,['Horreur']
Door prevent yes.,985,8,568021,2000,['Guerre']
Matter security.,59,1,729043,1950,['Guerre']
Key week special.,760,3,504176,2022,['Familial']
Yeah send.,344,7,195039,2011,['Musical']
Knowledge rather.,339,9,487247,1975,['Comédie']
Offer science mean mouth.,776,1,273447,2015,['Documentaire']
Per physical leg.,36,8,926199,2013,['Romance']
Seek TV smile.,45,6,312255,2023,['Comédie']
Line worker.,983,5,763947,1961,['Science-fiction']
Among top economic.,880,2,640471,1975,['Drame']
Manager outside.,128,5,650922,1972,['Science-fiction']
Development laugh.,584,6,614546,2003,['Documentaire']
Even.,587,5,307087,1993,['Documentaire']
Which side.,460,1,602200,2014,['Mystère']
Energy discuss those offer.,106,7,423216,1960,['Science-fiction']
Discussion clearly.,547,1,574028,1978,['Documentaire']
Radio include never character.,637,7,672845,2016,['Thriller']
Six record.,788,0,6255,2003,['Comédie']
Less.,160,10,931515,2018,['Musical']
Career item hold.,963,9,387282,2007,['Guerre']
Crime morning.,18,8,125768,1952,['Romance']
Movie.,176,10,69822,2014,['Animation']
Door system.,9,4,408174,2019,['Fantaisie']
Letter leg.,406,5,414164,1969,['Guerre']
Training foot senior continue.,188,7,512480,1976,['Science-fiction']
Project brother.,803,1,583233,2016,['Thriller']
Two administration product.,262,3,966771,1960,['Thriller']
Course far option.,986,4,616441,1996,['Familial']
Unit today pick.,447,7,392589,2003,['Familial']
Central operation.,182,9,832298,1973,['Fantaisie']
Century exactly bed.,21,4,990018,2003,['Thriller']
Mr or.,765,10,930311,1992,['Comédie']
Tv effort follow.,283,8,714329,2010,['Crime']
Everyone only.,736,10,584935,2023,['Biographie']
Together travel within.,69,4,56925,1985,['Romance']
None conference quality.,561,4,943823,1982,['Histoire']
Watch budget also.,906,0,330842,1961,['Fantaisie']
Front study sometimes.,410,8,638894,2015,['Mystère']
Necessary they hit.,573,4,605457,1958,['Mystère']
Huge.,467,5,862134,1963,['Action']
Job democratic.,81,0,881615,1994,['Science-fiction']
Full foreign back.,949,6,150658,2023,['Fantaisie']
Young before.,976,10,67982,1984,['Horreur']
Interesting trip tonight until.,861,7,133313,1998,['Fantaisie']
Entire carry.,430,4,753827,1954,['Histoire']
Personal rich.,328,7,806686,2018,['Science-fiction']
Cell yes leave.,314,3,682106,1996,['Comédie']
Director last role.,891,7,462800,2016,['Horreur']
Home experience cost bar.,732,3,851067,2018,['Comédie']
Want his service.,964,7,472548,2003,['Comédie']
Few development.,530,9,556291,2018,['Thriller']
Argue ready.,153,4,557433,1994,['Thriller']
Play.,365,4,155849,1965,['Western']
Here nothing.,614,5,89716,2019,['Action']
Nice show.,864,7,8148,1954,['Mystère']
Energy price affect.,42,3,758413,2021,['Familial']
Remember.,978,4,936019,1992,['Romance']
Nature in not.,101,8,824973,1953,['Familial']
Different very.,977,3,325076,1982,['Familial']
Amount we attention.,578,6,696885,1995,['Comédie']
Worker since want.,321,0,6869,1983,['Aventure']
Nice tax nor.,892,1,5722,1967,['Histoire']
Young.,389,9,691300,1989,['Fantaisie']
Month piece.,320,4,988526,1987,['Guerre']
Way buy relate.,128,1,191247,1956,['Crime']
Chair minute.,43,0,644122,2023,['Western']
Fear book.,566,2,513343,1989,['Comédie']
Suggest.,108,0,380523,1979,['Biographie']
Even wall.,72,1,517158,1964,['Comédie']
Wish own our else.,254,8,302519,1988,['Science-fiction']
Increase ok finish leave.,106,0,554503,1982,['Animation']
Individual ball nor court.,570,1,423854,1962,['Familial']
Painting think attack.,944,9,572835,2014,['Romance']
Help agreement may.,355,8,236629,2022,['Drame']
Voice cause the.,641,5,753060,1981,['Guerre']
Stuff six radio.,18,9,911935,1964,['Horreur']
Single head as wide.,151,2,895463,1953,['Mystère']
Draw why.,781,0,85307,1955,['Guerre']
Central skill service.,917,2,930077,2011,['Drame']
Behavior agency.,166,6,874050,2005,['Comédie']
Human air new.,933,1,893109,1969,['Fantaisie']
Put travel.,369,10,769429,2001,['Crime']
Officer party suggest.,602,2,100891,1986,['Thriller']
Growth.,47,0,593122,1973,['Musical']
Stage natural.,575,6,965548,1968,['Aventure']
Small huge race late.,96,3,909986,1996,['Biographie']
Language member.,258,1,983110,2011,['Documentaire']
Music contain rate long.,903,0,563233,2022,['Comédie']
Explain TV list.,655,10,189477,1971,['Action']
Various market.,689,6,44320,1987,['Horreur']
Fast father.,933,1,934211,1974,['Comédie']
International bit eight.,774,6,452476,1996,['Crime']
Over another physical.,233,10,712547,1990,['Crime']
Ten reflect election.,844,9,489262,1952,['Crime']
Without real account.,514,6,704861,1971,['Mystère']
Return though.,647,7,319639,2020,['Guerre']
Similar parent method.,909,9,226784,2012,['Documentaire']
Mean tend.,604,6,651595,1992,['Histoire']
Necessary student because list.,436,0,657498,2014,['Drame']
Hour scene.,981,1,834781,1951,['Fantaisie']
Deal task if.,280,6,359832,2013,['Science-fiction']
Several actually message.,550,3,764491,1950,['Biographie']
Half newspaper hope.,907,4,857531,2021,['Crime']
Trouble true social.,721,6,630600,1989,['Drame']
Ok upon.,112,6,479338,1966,['Fantaisie']
Apply manage.,426,5,767451,1986,['Action']
Help arm ground.,559,2,489706,1966,['Mystère']
Simple bring.,496,5,350307,1961,['Documentaire']
Several.,189,6,361254,1968,['Histoire']
Thing agency beautiful.,15,9,751126,1988,['Guerre']
Tell.,137,2,534780,1986,['Thriller']
Suggest prove.,904,0,874512,1974,['Guerre']
Significant item message.,395,0,409172,1976,['Thriller']
Me ever on.,970,0,185860,1978,['Romance']
Computer threat live.,119,7,429329,2015,['Action']
According hand.,274,7,257471,1965,['Horreur']
Computer great tell.,827,2,676306,1991,['Comédie']
Walk enjoy.,697,9,230939,1956,['Drame']
Player fight system experience.,992,6,661016,1988,['Biographie']
Since traditional.,21,0,745609,1993,['Biographie']
Could later.,589,7,922987,2008,['Western']
Push assume anyone.,231,9,236611,2001,['Action']
Full week provide.,631,10,649501,1952,['Science-fiction']
Any they attention cold.,615,0,908764,1962,['Horreur']
Partner be us determine.,258,0,633838,2004,['Musical']
Sure want.,69,0,976207,1987,['Romance']
This site.,842,8,834266,1970,['Mystère']
Everyone war modern.,577,8,8647,2008,['Fantaisie']
Get benefit song discover.,303,4,973158,2005,['Drame']
Box party.,168,8,424723,1953,['Musical']
Animal general consider method.,649,1,98067,2010,['Western']
Throw anything first.,739,8,288132,1966,['Documentaire']
Politics western type.,347,7,494202,1989,['Documentaire']
Matter cultural perform.,436,4,155012,1960,['Crime']
Player within.,865,9,869207,1950,['Guerre']
Send rock.,263,7,21893,1997,['Action']
Leg ago bit.,1,5,14155,1957,['Science-fiction']
Learn me.,313,7,243980,2024,['Musical']
Somebody feel herself.,193,6,47992,2020,['Mystère']
My none.,444,4,204403,1986,['Science-fiction']
Institution method firm.,813,6,66913,1964,['Comédie']
Daughter morning.,553,2,231527,1962,['Familial']
Know statement.,350,6,225781,1958,['Fantaisie']
Production become himself.,199,4,220402,2021,['Science-fiction']
Professor six series.,113,10,609720,2005,['Comédie']
Seek.,813,10,906583,2007,['Western']
American hear.,993,4,38758,1967,['Fantaisie']
Art PM responsibility.,350,8,256984,1965,['Familial']
Fast political.,333,9,600349,1956,['Drame']
Add thus provide.,227,4,642000,1968,['Animation']
Appear wife.,594,6,218534,2023,['Musical']
Surface finish watch responsibility.,665,9,297472,1989,['Histoire']
Ask hold.,245,8,986583,2000,['Thriller']
Compare quickly.,651,8,533363,1952,['Mystère']
Possible and.,687,1,501809,1990,['Western']
Area dream now.,290,1,273343,1950,['Western']
Throw major rate.,555,2,333306,1999,['Western']
Deal.,890,3,581424,1957,['Musical']
Not tend part.,998,10,32109,1962,['Horreur']
Recently up.,180,4,878730,1970,['Crime']
A beautiful.,945,9,914273,2013,['Science-fiction']
Offer.,387,8,620010,1983,['Horreur']
Hotel possible.,243,9,71870,1960,['Familial']
War increase.,642,2,461875,2001,['Aventure']
Write prevent by give.,434,5,385429,2010,['Romance']
Matter statement else.,477,3,266346,1959,['Animation']
Grow draw control worry.,117,4,958568,2019,['Western']
Skin special figure.,563,0,94269,1960,['Action']
Wall.,287,3,90539,2019,['Mystère']
Central.,604,9,238678,1963,['Familial']
Television rest skill important.,51,10,988348,1970,['Western']
Follow similar woman.,21,10,994199,1961,['Horreur']
Pass.,454,9,725485,1967,['Drame']
Score front.,515,4,720875,2015,['Fantaisie']
Consider area very.,743,1,413251,1982,['Histoire']
Lose actually.,551,7,803232,1963,['Musical']
Analysis enough worker.,777,5,698427,1997,['Crime']
Interview product dinner country.,229,3,316372,2016,['Horreur']
Use.,734,0,782595,1982,['Romance']
Environment stuff.,837,1,147552,2003,['Guerre']
Business.,645,1,616341,1989,['Histoire']
Who official.,557,0,688681,1957,['Mystère']
Why shake issue.,443,3,958875,2002,['Documentaire']
Wait return participant.,524,8,760414,1977,['Musical']
Enter million.,574,5,540263,2006,['Mystère']
Meeting air.,590,10,85327,2005,['Histoire']
Plan claim scientist.,272,5,196452,1976,['Animation']
Probably how past.,359,8,33175,2006,['Documentaire']
Claim hotel sea.,834,0,141550,1982,['Horreur']
North dark large skill.,528,9,473415,1970,['Comédie']
Term than.,838,7,561131,2004,['Comédie']
Choose myself him.,106,8,656173,1988,['Documentaire']
Art sort.,35,7,97768,1968,['Musical']
Practice still without.,989,10,377960,2019,['Western']
Accept why medical.,728,7,586207,2007,['Thriller']
Program reach up despite.,915,7,175239,1987,['Crime']
More clearly star.,268,8,694701,2021,['Familial']
Whole affect.,860,10,14482,2003,['Romance']
Tend suggest trade.,613,3,794277,1999,['Animation']
Huge language week.,550,2,621243,1979,['Romance']
Plan them will hundred.,450,4,825669,1981,['Familial']
Amount somebody those voice.,342,6,698029,1956,['Familial']
West Republican.,437,8,857064,1984,['Histoire']
Expert activity so.,129,1,224725,1959,['Thriller']
Idea sometimes.,114,9,972839,1958,['Drame']
Guy argue individual.,615,9,291316,1966,['Familial']
Together news various every.,835,10,7597,2024,['Fantaisie']
Buy pretty key.,151,7,141245,2022,['Crime']
Little quite.,791,1,135112,2012,['Guerre']
Three ten large fine.,879,7,703506,1968,['Mystère']
Field others their.,314,1,817643,1982,['Action']
Probably wall well.,250,2,609946,1959,['Thriller']
Chance option.,895,6,534708,1985,['Comédie']
Toward sport.,610,7,303356,2006,['Horreur']
Design chair how.,838,10,606406,1979,['Guerre']
Choose.,754,5,193647,2008,['Horreur']
Tv company evening.,665,4,960855,1965,['Action']
Nature education.,762,1,472853,1985,['Histoire']
Read look.,0,4,182622,2018,['Thriller']
Check expert.,916,7,670822,2019,['Crime']
List benefit.,299,4,184653,1955,['Science-fiction']
Character.,966,9,950141,2009,['Familial']
Will society.,916,6,515748,2007,['Documentaire']
Free above.,959,3,469062,1985,['Animation']
Stop paper police this.,844,7,104671,1954,['Musical']
Property beat mouth.,384,3,192524,1983,['Thriller']
Though stock.,6,4,284142,2000,['Guerre']
Certain blood.,313,2,329966,1972,['Drame']
Region.,12,10,415854,2004,['Science-fiction']
Thus energy box.,731,7,803286,2016,['Drame']
Mind west participant.,182,9,189083,2010,['Fantaisie']
Education term.,398,6,583987,1994,['Horreur']
None hold option.,167,1,853395,2001,['Comédie']
Nearly able hot.,354,1,197244,1983,['Comédie']
Option natural old.,966,1,37517,1956,['Documentaire']
Yourself sister.,543,8,462492,2000,['Mystère']
Team industry share.,908,2,674744,1982,['Musical']
Strong bed security.,633,5,241313,1979,['Thriller']
Material question.,313,9,684675,1966,['Romance']
Set.,344,3,291756,1971,['Action']
Learn bank art.,79,10,643485,2004,['Crime']
Senior notice then.,810,2,318692,2018,['Science-fiction']
Particular citizen edge.,452,1,260877,2008,['Fantaisie']
National eye top.,394,7,856103,2020,['Familial']
Sell fact.,759,5,786273,2012,['Biographie']
Food she.,655,9,629035,2023,['Documentaire']
Travel window.,372,8,989913,1985,['Animation']
Control garden hospital.,719,2,892793,1977,['Biographie']
Address take.,260,7,528512,1961,['Comédie']
Mrs soon concern.,352,7,103698,2014,['Comédie']
Live live.,451,0,667137,1952,['Animation']
Property seek specific.,766,3,676864,1969,['Animation']
Despite that.,582,8,423267,1988,['Mystère']
Politics form race.,609,3,715523,1951,['Histoire']
Eight right poor.,185,4,452929,2008,['Histoire']
Will especially.,900,3,977099,2000,['Comédie']
Race manager.,260,10,614062,1961,['Documentaire']
Lot million candidate.,547,7,333124,1955,['Guerre']
Will group.,554,9,20802,1980,['Horreur']
Government shake something.,160,7,854889,1996,['Drame']
Factor ahead.,634,7,495462,1954,['Fantaisie']
Store focus.,813,10,746163,1974,['Romance']
Really.,972,1,18346,1960,['Documentaire']
Certain prevent.,721,8,245094,1996,['Science-fiction']
Language data.,980,3,81217,1990,['Aventure']
Surface quite.,167,8,71328,2012,['Musical']
Must describe raise hand.,852,4,451668,2001,['Animation']
Develop event recently.,213,3,816681,1994,['Animation']
Treat not.,361,3,298707,1974,['Horreur']
Offer century road.,796,6,407281,2023,['Histoire']
Business various technology.,373,9,408859,1970,['Comédie']
Realize than.,736,5,893048,2002,['Thriller']
School prove reason.,928,6,396507,2013,['Fantaisie']
Little war.,608,7,833864,1959,['Action']
Remember fear.,38,8,419562,1963,['Guerre']
Professor threat.,177,0,716997,1957,['Histoire']
Common media.,989,10,79181,1987,['Western']
Industry determine.,332,2,885077,1981,['Action']
Outside she himself.,818,4,785524,2009,['Action']
Statement evening.,943,8,848776,1989,['Drame']
Visit would.,171,5,130934,2017,['Science-fiction']
Campaign computer.,375,5,261055,1978,['Crime']
Time part.,566,9,401638,1964,['Drame']
Me someone white.,339,7,85642,2001,['Animation']
Operation tonight must.,252,5,593443,2014,['Comédie']
Task music weight.,34,7,81047,1951,['Familial']
Care hospital risk.,689,8,432847,2009,['Horreur']
Manage maybe little four.,778,0,297297,1995,['Fantaisie']
Security behind because.,207,7,10461,1971,['Drame']
Live seem walk history.,572,10,396378,1965,['Musical']
Whom ago travel.,555,9,56585,1952,['Action']
Suffer green.,687,10,329434,1986,['Mystère']
Indeed senior price.,306,0,679425,1971,['Comédie']
More fund way group.,118,1,110622,1955,['Action']
Long at five.,902,10,358397,1968,['Familial']
Trouble claim.,893,0,960883,1972,['Biographie']
Hit actually people.,787,7,241449,1955,['Aventure']
Threat when.,667,7,561335,1975,['Comédie']
Chair.,503,1,678099,1996,['Musical']
Worker TV what.,580,9,479545,1968,['Aventure']
Young without.,949,5,263337,1963,['Action']
Attack want.,25,1,795600,2019,['Thriller']
Let option meeting.,305,3,710435,1990,['Animation']
Save pull first.,723,2,896615,2017,['Guerre']
Writer response official.,314,8,164043,1963,['Science-fiction']
Size.,178,6,791949,2017,['Mystère']
Explain serve.,602,6,839959,2020,['Fantaisie']
Generation thank.,11,4,313076,1957,['Familial']
On very training.,0,0,438153,1956,['Biographie']
Bill trial service.,754,7,154781,2003,['Fantaisie']
Standard deep through.,126,6,1667,1984,['Crime']
Voice blood.,869,6,54448,2002,['Drame']
Court.,206,8,939645,1989,['Horreur']
Machine Mrs about.,229,8,169417,2010,['Horreur']
Upon magazine writer.,961,3,498219,2002,['Aventure']
Billion.,879,8,531069,1958,['Histoire']
Professional.,887,4,833393,2001,['Biographie']
Yourself ever.,628,10,658706,2003,['Crime']
Yes.,502,6,47537,2002,['Romance']
Level us improve.,365,10,380548,2018,['Western']
Structure sometimes country anyone.,36,7,833894,1957,['Biographie']
Again note every.,807,0,634088,1968,['Aventure']
Little reduce.,204,5,251205,1998,['Crime']
Late teacher.,811,8,768027,2002,['Familial']
Author huge.,810,2,726672,1992,['Histoire']
Member me.,627,9,152473,1964,['Horreur']
Majority.,561,7,630940,1991,['Action']
Course religious table.,121,9,311620,1964,['Guerre']
Let series.,232,0,871311,1979,['Drame']
Exactly film.,969,2,868716,1953,['Aventure']
After common many budget.,371,5,375534,1996,['Romance']
Deep per.,694,8,222714,2019,['Histoire']
One whom.,198,6,967983,1997,['Aventure']
Change just worker husband.,485,5,805374,1976,['Crime']
And east.,287,10,274154,1991,['Documentaire']
Job describe.,571,0,134035,1950,['Crime']
Its tax reason.,335,6,814924,2015,['Comédie']
Service southern.,249,1,417893,1966,['Guerre']
Environmental situation.,285,6,560135,1963,['Guerre']
Apply success.,52,9,63442,2018,['Comédie']
Fast customer responsibility.,368,0,85902,1995,['Mystère']
Win among office learn.,2,5,239468,1992,['Histoire']
First professor director.,705,0,281120,1992,['Drame']
Result season follow.,569,0,484903,1992,['Histoire']
Deep evidence sell.,612,7,281243,1971,['Horreur']
Too agent company.,588,1,927168,2013,['Animation']
Table understand.,991,1,131800,1975,['Guerre']
Smile money.,774,6,558166,1955,['Thriller']
Claim space.,131,7,255516,1951,['Comédie']
Knowledge product.,727,2,942372,2013,['Biographie']
Thank peace.,855,9,972967,1984,['Crime']
Attorney none.,969,9,554100,2020,['Romance']
Him side benefit.,781,8,442459,2018,['Documentaire']
Wall rise wife.,380,5,556917,1996,['Crime']
Dream one phone.,944,1,343750,1989,['Fantaisie']
Throw concern.,432,10,85188,1958,['Western']
Explain benefit ball.,616,7,309873,2020,['Histoire']
Such probably.,346,8,329090,1960,['Action']
A move wear professor.,302,7,178302,2009,['Action']
Act area seek across.,284,9,424137,2000,['Mystère']
Certain party nothing.,100,7,403619,1975,['Western']
Space eye since.,904,9,150911,1961,['Fantaisie']
Interview should because.,637,2,637150,2015,['Aventure']
Number hand last.,629,10,620566,2016,['Histoire']
Thank without.,73,0,379786,1983,['Horreur']
Mouth nearly.,769,2,617371,1993,['Romance']
Hold although.,418,4,874253,1951,['Familial']
Movie lot house.,145,8,830156,1965,['Drame']
Debate over book.,266,7,805169,1991,['Documentaire']
Single character.,188,3,856328,1974,['Fantaisie']
Bit stock.,174,4,209025,2000,['Drame']
Fast whose seek.,747,0,201346,2003,['Histoire']
Determine several.,291,1,326043,2016,['Familial']
Without usually create.,515,7,142885,1958,['Musical']
Front practice admit.,378,10,711067,1982,['Musical']
Clear stand.,66,6,974961,2021,['Fantaisie']
Get page.,656,8,729319,2016,['Musical']
Another.,293,9,805257,1950,['Thriller']
Activity.,850,6,879074,2005,['Thriller']
Discuss cold social.,677,7,958695,1973,['Musical']
Service degree according.,668,6,125570,1965,['Familial']
Billion finally project.,61,7,371609,1991,['Science-fiction']
Travel day play.,151,7,652668,1987,['Western']
Drug listen.,598,8,65970,1962,['Histoire']
Party.,613,0,355935,2024,['Biographie']
Artist bit nothing.,488,0,62996,2023,['Guerre']
Almost degree dark.,564,9,16189,1997,['Guerre']
Recently place establish voice.,808,2,547964,2006,['Western']
Collection commercial heavy.,520,7,792808,1961,['Familial']
Sister third camera.,948,8,748559,1955,['Familial']
Show could test.,995,8,376016,1973,['Aventure']
Ask test note.,290,5,723540,2019,['Drame']
Age economy reflect economic.,355,8,990500,2018,['Action']
Race military.,393,4,147522,1961,['Documentaire']
Option walk.,41,1,590549,1987,['Musical']
High trade within.,282,10,916705,2016,['Musical']
Day room.,784,0,728983,2016,['Biographie']
Indeed rather once.,100,8,898285,1960,['Biographie']
Despite during.,936,7,678795,1991,['Action']
Still treatment service.,212,2,339254,2008,['Guerre']
New detail detail price.,602,9,370467,1991,['Musical']
Others.,787,10,208387,1967,['Science-fiction']
Move because.,734,10,192737,1979,['Crime']
Institution range maintain.,427,0,587584,2002,['Musical']
Nature respond.,780,4,969053,1980,['Drame']
Necessary keep.,837,9,132748,1983,['Mystère']
With order.,808,3,807919,2018,['Biographie']
Teach few speech property.,334,3,910118,2004,['Mystère']
Apply follow.,544,6,271024,1965,['Guerre']
Huge attention start.,697,3,628562,1954,['Mystère']
Will newspaper government.,320,8,32001,1960,['Documentaire']
Three style support.,491,2,658790,2020,['Crime']
Huge perhaps.,11,10,799830,1969,['Guerre']
Call television maybe option.,882,9,854962,2012,['Romance']
Stock.,545,9,330813,1956,['Action']
Claim when day.,794,2,813523,1989,['Action']
Born magazine hope.,900,4,287295,1996,['Western']
New relate.,726,5,907957,2024,['Animation']
Church marriage help.,352,0,104145,1958,['Drame']
Industry vote.,366,0,22308,1999,['Documentaire']
Suffer hotel off.,436,6,886648,1964,['Science-fiction']
Area across.,197,6,119264,1952,['Horreur']
Must air suddenly.,817,6,244072,2019,['Fantaisie']
Take show.,153,4,791320,1959,['Mystère']
Like performance at.,633,10,533743,1966,['Western']
Finally.,6,6,585379,1996,['Aventure']
Why environment office significant.,244,0,343642,2017,['Drame']
According thank.,81,2,28398,2002,['Horreur']
Type nature.,554,9,921046,1956,['Crime']
Material probably father.,17,10,318493,1956,['Romance']
Force foot race.,715,9,184034,2007,['Action']
Or scientist.,865,5,218187,2024,['Horreur']
Evening theory live new.,659,10,485248,2014,['Documentaire']
Particularly something pay.,660,3,142846,2004,['Documentaire']
Time report.,596,2,93964,1998,['Mystère']
School performance.,961,0,855622,2002,['Crime']
Work.,627,5,143970,2000,['Familial']
Expert tree.,711,6,743387,1996,['Western']
Student necessary.,217,2,8234,2024,['Thriller']
By tax goal.,476,4,151006,1973,['Horreur']
Across deal break.,975,7,625737,1964,['Crime']
Cup least.,62,9,961855,1965,['Horreur']
Against garden hot.,711,4,360340,2011,['Thriller']
Stuff significant.,340,4,920519,1987,['Familial']
Feel resource.,609,5,255377,1975,['Fantaisie']
Mention.,212,8,951237,1956,['Aventure']
Country bit.,957,0,163705,1951,['Musical']
Central decade.,526,10,239641,1990,['Comédie']
Turn however.,480,0,558395,1989,['Musical']
Tend character.,412,6,110506,1975,['Mystère']
Break response.,101,3,777312,1999,['Guerre']
Better skill.,178,1,987931,1959,['Animation']
Worker television.,183,0,267410,2017,['Histoire']
Challenge option only.,443,6,960181,1985,['Documentaire']
Lead federal cut.,637,10,252802,1963,['Documentaire']
Catch director.,749,10,676309,1994,['Thriller']
Than who.,472,0,660315,1973,['Musical']
Individual identify pay.,447,4,101282,2015,['Romance']
Call each role.,221,0,759880,1993,['Familial']
Night.,410,10,655136,1982,['Animation']
Although positive decade.,56,8,861876,1963,['Histoire']
Man.,769,3,346382,2005,['Western']
Strategy business.,824,6,155710,1955,['Mystère']
Eat challenge.,11,4,959857,1964,['Aventure']
First politics move.,997,9,216202,1954,['Mystère']
Large front.,534,2,36875,1959,['Mystère']
Since deal affect.,281,7,687994,1972,['Crime']
Though participant.,860,10,302021,1978,['Documentaire']
Brother kid.,302,4,920120,1994,['Histoire']
Radio vote pull to.,146,10,851321,1958,['Drame']
Perform admit.,274,5,877582,1986,['Drame']
Wind his memory staff.,542,5,270636,1951,['Western']
Clear environmental.,569,2,690909,1979,['Horreur']
Prove truth.,864,9,894761,1975,['Animation']
Bill season.,295,8,807965,1976,['Mystère']
Class will.,954,3,363400,2014,['Crime']
Me head special.,604,2,435462,2018,['Documentaire']
Common almost heavy.,175,8,662392,2015,['Familial']
Half happy drop.,337,2,498680,1969,['Action']
All say.,112,10,825921,2013,['Guerre']
On billion.,167,7,777609,1952,['Thriller']
Throughout affect.,383,4,645870,1978,['Comédie']
Mouth year wife evidence.,190,6,867405,1998,['Drame']
International factor.,884,1,773467,1960,['Mystère']
Hot high might.,307,0,676805,1996,['Crime']
South back.,858,3,972544,1981,['Biographie']
Decision many true ball.,371,10,505956,2019,['Familial']
Late lead.,980,10,533983,1995,['Mystère']
Buy it commercial.,724,1,729074,2014,['Western']
Goal ground leader.,767,5,570246,1980,['Guerre']
Move fine.,986,0,776045,1982,['Romance']
Military challenge.,253,4,172724,2014,['Western']
Leg affect only.,67,10,724455,2010,['Comédie']
Especially explain usually.,640,6,834883,1952,['Science-fiction']
On who.,486,6,540004,1964,['Crime']
Major same economy.,363,8,395496,1987,['Histoire']
Almost customer remain.,521,8,765068,2002,['Documentaire']
Middle PM one.,640,7,407271,1992,['Guerre']
Poor.,860,3,303974,1993,['Musical']
Stage wait usually.,38,1,868439,1993,['Comédie']
Heart rise charge.,499,9,359545,1971,['Western']
Tough international himself must.,594,8,779475,1984,['Action']
Nothing.,284,10,668968,2002,['Musical']
Call those prove.,393,6,937097,1988,['Familial']
Even.,208,7,124054,1986,['Biographie']
Painting page.,494,2,857018,1975,['Thriller']
Work white argue.,328,7,428397,1956,['Familial']
Room six.,990,10,804863,1953,['Guerre']
Hope through.,501,0,433384,1973,['Biographie']
Science throughout.,28,9,335468,1992,['Romance']
Find economic.,436,9,185055,2015,['Familial']
Pattern rather understand marriage.,170,1,972249,2016,['Horreur']
Both husband.,712,7,529270,1956,['Action']
Table measure base.,148,8,181676,1984,['Western']
Half in where.,657,0,868745,2019,['Action']
Establish serve.,453,0,757948,1955,['Biographie']
Detail relate.,443,5,230439,1995,['Romance']
Sell center.,774,10,86522,1955,['Aventure']
Among though involve.,194,1,16727,2011,['Guerre']
Realize morning.,644,0,514457,1988,['Comédie']
Civil product.,181,0,853564,1991,['Animation']
Friend dark indicate.,867,7,752661,2024,['Thriller']
Work international.,544,1,99009,2010,['Musical']
Hold certainly news.,88,10,804657,2022,['Crime']
Reflect ability huge.,958,10,372011,1976,['Thriller']
Easy black.,175,2,564208,1991,['Drame']
Behavior.,395,1,986199,2024,['Romance']
During house.,568,5,695204,1964,['Horreur']
Hotel near.,201,9,753729,2010,['Biographie']
Program determine shake home.,626,0,726110,1994,['Familial']
Lose site reflect.,526,10,344807,1981,['Fantaisie']
Include land politics.,161,8,845805,1974,['Guerre']
Technology form.,254,9,386622,2016,['Thriller']
Decide pull court.,499,3,952462,1963,['Romance']
Performance itself year.,409,7,121587,2019,['Histoire']
Dog exactly according.,733,10,793440,2023,['Western']
Adult community.,729,6,844349,1969,['Drame']
Professional.,650,2,222365,1997,['Animation']
Expect article.,96,3,209354,1989,['Science-fiction']
Side down become.,721,1,376053,1987,['Animation']
Modern edge lose.,703,0,60227,1991,['Western']
Finally leave.,684,4,56649,2009,['Biographie']
Similar final action.,132,4,20927,1976,['Thriller']
Manager treatment.,824,1,911837,1999,['Thriller']
Executive individual.,873,10,770299,1998,['Familial']
Management allow control boy.,848,2,641449,1954,['Drame']
Movement.,676,1,258996,1954,['Action']
Able lawyer.,914,8,123706,2015,['Biographie']
Show speak from.,688,8,133994,1997,['Biographie']
Air water above.,750,4,122725,2004,['Animation']
Miss.,609,8,482601,1986,['Science-fiction']
Open share and.,489,2,463320,1979,['Biographie']
