ID_Publication,texte,sujet1,sujet2,sujet3,date_p,auteur,categorie
0,Require man assume who. Recent by commercial leave record situation instead deep.,['Spot'],,,2008-10-09 22:58:54.943491,2851,['Les années 60 : 1959-1967']
1,"Organization let support form doctor. Heavy tend bill company also assume group.
Despite center bit. Top marriage far risk others along.",['FilmSemiotics'],,['Pixar'],2023-08-02 22:08:53.718134,573,['Les années 80 : 1984-1991']
2,"Simply camera building fish. Day add discuss study. Blue young work year visit indicate relate.
Maintain hear set until.",['Manga'],,,2010-01-23 04:40:22.950946,581,['-18 ans']
3,Well order court surface include different. Science lay sense expect well teach. Serious thousand she bill song.,['ComicBook'],['Q&A'],,2017-09-10 17:37:33.499030,3680,['18-25 ans']
4,Professional above teacher. Receive everybody ahead nature.,['Mono'],['FilmTheory'],,2006-07-14 18:47:35.630835,385,['Les années 2000 : 2002-2010']
5,Night moment start great anything arrive. Oil drive tell suffer special. Recognize personal vote activity catch trouble.,['VisualEffects'],['FilmNoir'],['Prequel'],2020-09-26 22:39:09.618948,3697,['Les années 60 : 1959-1967']
6,Financial example material fast affect fine. Decision professional writer majority.,['FilmScore'],['Cut'],['Western'],2012-08-06 05:56:43.140190,856,['-18 ans']
7,After pull owner up plan. Area join nation recognize him and section. Coach camera as production station relationship.,['GreenScreen'],,['FilmForm'],2010-05-06 23:00:43.261928,269,['60 ans et +']
8,Store player degree least. Take another past hour month something only.,['Marvel'],['InternationalTrailer'],,2006-07-11 11:54:39.648329,3716,['-18 ans']
9,"Through wide campaign well investment.
Sometimes now seek team operation lead wish. Account well box matter future study total executive.",['Lecture'],['NonDiegeticSound'],['Makeup'],2021-08-09 05:33:27.354532,3315,['60 ans et +']
10,Someone them rule sport development will. Between watch something standard race treatment shoulder here. Save feeling writer they.,['MovieReview'],['FadeIn'],,2018-10-19 22:42:16.621976,501,['18-25 ans']
11,Son arrive meet section security even. Task large participant response television smile.,['FilmLanguage'],['LongShot'],,2023-09-01 17:56:24.178713,2916,['26-39 ans']
12,Book stuff national. Understand off peace morning few hand pay. Free former cause force forward product.,['CeremonieCesar2020'],,['MotionCapture'],2013-05-20 17:45:18.307566,875,['60 ans et +']
13,Than party ball fast. Matter level father key. At author business yard society international everybody.,['Disney'],,,2015-01-28 20:11:56.160199,2451,"[""L'Age classique : 1930 - 1945""]"
14,Need model federal dog hold statement. Sort thing play sport movie maintain.,['Spielberg'],,,2017-06-27 17:40:35.724143,2595,"[""L'Age classique : 1930 - 1945""]"
15,Activity usually pull keep believe house step candidate. Himself conference tend least rate reality conference. Determine how ready two.,['ClosingNight'],,,2023-02-14 18:09:32.360836,2689,['Les années 50 : 1946 -1958']
16,Pretty age structure pressure deal physical. Discuss business lay turn. Second range else management popular which.,['MatchCut'],,,2005-06-16 11:58:26.869371,548,['Les années 80 : 1984-1991']
17,Of deal seem at. Fill federal ago eat party. Employee list return tax.,['Dolly'],,,2015-11-05 14:26:15.166825,1147,['-18 ans']
18,Security four market full performance imagine enough. Yourself black order.,['ScoreAlbum'],['DVD'],['Tribute'],2008-07-25 09:40:55.773498,1375,['Les années 50 : 1946 -1958']
19,Lot after guy full policy usually. Who truth list early.,['FilmForm'],,,2015-01-24 07:36:40.567420,1542,['Les années 50 : 1946 -1958']
20,Security Congress green thank type their fill maybe. Share property ahead place. Drug anything others think value glass.,['Cameo'],,,2021-03-24 00:10:23.264129,129,['18-25 ans']
21,Wish research with order risk. Look southern ready smile.,['Casting'],,,2006-07-22 11:14:09.907222,291,['Les années 2000 : 2002-2010']
22,Pressure eye left assume lose. Once remain focus southern story rule course they.,['FilmClub'],['MatchCut'],,2014-08-20 16:28:07.448308,3420,['18-25 ans']
23,Approach this forward thus look. Buy stage act street. Under actually hot low close.,['GreenScreen'],,['FilmScore'],2022-01-16 03:57:27.208877,3280,['40-59 ans']
24,Anyone mean age everybody from. Claim turn if probably when red detail. Clearly me single little this song car.,['TeaserTrailer'],,,2021-08-22 16:23:22.206766,2203,['Les années 2000 : 2002-2010']
25,Whether dark miss. Or whose exactly guy center energy machine.,['MakeupArtist'],['Stunt'],['Horror'],2011-12-24 06:31:44.909866,2803,['18-25 ans']
26,"Decade choice green along few Mrs. Reach health his.
Avoid entire single wait present even.",['TheatericalTrailer'],['Clip'],,2015-06-19 07:48:00.100401,1149,['Les années 90 : 1992-2001']
27,Leg here my send. Scientist specific cost market record defense maybe. Amount woman front sometimes per.,['Seminar'],,,2011-05-06 09:31:27.949725,2052,['Le temps du muet : 1895 - 1929']
28,Exist past how drive executive doctor section. Ability guy ready technology. Safe perhaps type great Republican area white enter.,['FilmTheory'],,,2013-10-05 20:06:32.496930,1317,['Les années 80 : 1984-1991']
29,Energy American structure get grow partner professional. Music appear already site pattern.,['SurroundSound'],['ActionPoster'],,2013-08-26 11:59:13.649887,2043,['40-59 ans']
30,Center fish ok price again. Fill human improve especially wait hotel company need. Talk year interview society which glass people.,['Banter'],,,2006-03-10 04:18:12.405747,2553,['40-59 ans']
31,Result southern military sing collection throw red. Market prove spring candidate door. Article down natural military occur.,['Soundtrack'],['FilmStructure'],['FilmStyle'],2012-04-21 00:39:19.747840,1564,"[""L'Age classique : 1930 - 1945""]"
32,Very threat seek thank scene far. West finally agent win.,['War'],['FilmTheory'],,2014-01-28 08:03:59.916775,107,['Les années 70 : 1968-1983']
33,"Couple office join have picture news level lead. Include one hard.
Spend form nation box. Something start under need accept white someone.",['FilmHistory'],['Piracy'],,2017-06-10 01:37:05.592196,545,['Les années 50 : 1946 -1958']
34,Their product amount. Meeting figure rate arm born. Own beat per effect pay by family.,['InternationalTrailer'],['Score'],,2010-09-05 17:38:24.076102,213,['Les années 90 : 1992-2001']
35,Only something free drive out enough always. Stop interesting drive show someone everybody. Third our your become process worry.,['InternationalPoster'],['Interview'],,2012-12-03 11:27:39.641965,1020,['40-59 ans']
36,Learn imagine lot away decision. Expect film bank wonder industry tax live question.,['ArtPrint'],['Mixing'],['Superhero'],2009-08-04 00:26:54.343369,1098,['Les années 80 : 1984-1991']
37,"Group many option car away their same.
Eight hour close. Management close chair star pass whether. Past tree respond us expect.",['OfficialGuide'],['JumpCut'],['CrossCut'],2008-01-07 07:21:29.199040,347,['Le temps du muet : 1895 - 1929']
38,Begin experience study agree man. So nation dinner country. Power form attorney style game different.,['FilmGenre'],['Cameo'],['CrossPromotion'],2015-01-19 14:07:45.914336,2431,['60 ans et +']
39,Own model perform standard sense home. Usually miss since doctor attention avoid. Student anyone ok three third ground.,['Soliloquy'],,,2010-02-01 02:44:30.954021,1709,['Les années 80 : 1984-1991']
40,Event watch peace well quite wind report. Score property sing.,['StoryboardArt'],,,2024-02-01 22:07:59.150861,1576,['Les années 80 : 1984-1991']
41,Me development top actually. Kitchen follow focus ready PM.,['BusStopPoster'],['FilmFestival'],,2023-12-11 12:52:45.039174,1700,['Les années 60 : 1959-1967']
42,"Thus room rest. Learn allow rule meet Mr behind. Age herself all bad.
Purpose foot address protect. Just will ball improve since.",['Hitchcock'],,,2008-02-07 02:09:34.526514,2547,['Les années 2000 : 2002-2010']
43,Behind hour institution bank study. Visit right enough sure it return summer.,['GreenScreen'],,,2023-02-08 21:03:00.116793,3822,['Les années 90 : 1992-2001']
44,Think role pressure above. Door evening clearly with glass effort.,['CeremonieCesar2020'],['VoiceOver'],,2019-11-03 13:31:11.751511,3405,['40-59 ans']
45,"Book most family college although PM born image.
Price full interesting eight manage. Build really oil bed now what.",['FilmForm'],['Banter'],,2012-06-28 00:25:09.848777,696,['Les années 50 : 1946 -1958']
46,Last test recent mention. Relationship teacher benefit protect think draw game.,['Adaptation'],['Collectibles'],,2011-09-02 08:17:27.248697,3770,['60 ans et +']
47,"Act culture goal type.
Left avoid edge price wonder. Between sing always so concern article if. Let consumer particularly.",['Documentary'],,,2010-01-06 00:10:54.176775,3232,['Les années 70 : 1968-1983']
48,President officer important different charge performance. Involve remember test method wrong mention. City white power argue.,['FilmAnalysis'],,,2021-02-08 19:30:52.544806,1154,['Les années 70 : 1968-1983']
49,Bit something with other. Hit federal help accept shake. Job increase song east line important increase.,['FilmNarrative'],,,2018-07-02 19:47:50.835748,2744,['60 ans et +']
50,Level example ability own itself popular. Person center book need. Social course loss sound investment detail before.,['FadeIn'],,,2012-10-03 16:13:58.520292,1307,"[""L'Age classique : 1930 - 1945""]"
51,Push official anything meet attorney enter thousand. East develop away food out challenge help. Into sea claim interview war themselves.,['Animation'],,,2017-03-09 06:43:08.180034,70,['Les années 2000 : 2002-2010']
52,"Important manage company bed. Happy paper agency.
Somebody structure yes six. Others get game sister discussion thus. Myself office phone.",['FadeOut'],,,2012-05-18 23:19:14.546034,1657,['26-39 ans']
53,Today development culture ok from. Sort beyond speech fill. Safe direction opportunity opportunity impact author.,['MagazineAd'],,['FilmLanguage'],2019-05-01 00:25:18.725053,1791,['Les années 90 : 1992-2001']
54,"Down agreement policy news form send. Big wall medical pressure dinner option.
Follow report computer member success.",['DreamSequence'],['ActionFigures'],,2023-05-16 18:29:06.210687,113,['-18 ans']
55,Assume watch nation. Service skin direction answer medical.,['FilmAesthetics'],['7.1'],['OpeningNight'],2009-03-25 23:10:23.361167,720,['Les années 2000 : 2002-2010']
56,"Management any race. Happy young Mr watch.
Require term key effect. Trade mind accept soldier article cup. Safe most whether.",['Convention'],['ActionPoster'],['InternationalPoster'],2010-08-30 08:57:57.700074,3119,['Les années 80 : 1984-1991']
57,Since student charge always man with note. Choice about receive deal yourself should field.,['CinemaScope'],['HarryPotter'],['FilmGenre'],2004-12-18 02:01:19.850554,634,['Le temps du muet : 1895 - 1929']
58,Impact play partner every. Story hold energy article. Occur lot toward watch.,['TeaserPoster'],,['StaticShot'],2018-02-15 10:42:03.126964,3680,['60 ans et +']
59,"Reason performance son admit. Single detail music western.
Day kitchen attorney six computer. Truth book ten foot time trial you.",['Cinematography'],,['OfficialGuide'],2007-06-28 12:53:22.636912,745,['Les années 60 : 1959-1967']
60,Community paper anything watch rest become statement. Can whatever spend look way top coach fill.,['Biopic'],,,2008-09-20 23:35:18.659234,1897,['Les années 60 : 1959-1967']
61,"Positive exist head could.
Case support thing item particular tax knowledge. Another stuff travel effect look.",['FilmLanguage'],,,2014-01-05 07:51:36.485211,3527,['Les années 80 : 1984-1991']
62,Little benefit hit describe skin. Stand this board whose ever suffer look. Assume participant reduce drug machine special.,['ForeignFilm'],,,2013-03-13 03:47:29.230906,1518,['40-59 ans']
63,Name history identify order. Firm throughout finish hot heart including. Western pay usually very night green accept.,['Adventure'],['PressJunket'],,2011-05-31 05:14:14.882780,3028,['-18 ans']
64,While his industry contain power. Budget government tax entire stand. Just performance idea toward wonder skill.,['Streaming'],,,2021-12-24 12:35:40.552285,1634,['Les années 50 : 1946 -1958']
65,Already couple not nor. Itself game past senior case. Outside radio health black he thus develop.,['CrossCut'],,,2024-03-29 20:06:58.439850,588,['-18 ans']
66,Top he significant international it. Little improve call gun hit majority lay.,['RedBandTrailer'],['FilmSchool'],,2008-07-15 18:43:24.552722,579,['Les années 50 : 1946 -1958']
67,Money group green whatever chance stage. Age east move skin. Blue though religious customer. Pressure compare my build federal big contain.,['TradingCards'],['PerformanceCapture'],['ProductionDesignBook'],2020-12-31 16:57:13.877154,605,"[""L'Age classique : 1930 - 1945""]"
68,Check suffer along air hit. List star teacher turn rise spend.,['Producer'],['FilmLanguage'],,2021-08-01 08:54:08.189979,431,['Les années 70 : 1968-1983']
69,None know sense describe young only enough customer. Poor society if.,['Pixar'],['FilmCriticism'],['Featurette'],2014-04-13 01:43:05.688926,867,['Les années 60 : 1959-1967']
70,"Rest base exactly house. Cold develop resource.
Free major significant. Cold street director drive main boy. Buy Democrat many wonder.",['Adaptation'],['ToyLine'],['Screenplay'],2023-10-21 23:13:01.189163,94,['Les années 2000 : 2002-2010']
71,Different occur rule member. Agency explain our center positive across. Upon push true story program later.,['Stereo'],,['FilmLanguage'],2010-04-15 00:15:03.229038,3707,['60 ans et +']
72,Window respond whether blood party. Huge fall common trade guy. Large security company represent price where.,['Biopic'],['Makeup'],,2007-03-27 12:26:40.400201,2310,['Les années 60 : 1959-1967']
73,Cost herself our believe. Concern college poor oil method indeed. Majority head be car.,['FilmCritic'],,['Biopic'],2011-08-02 01:31:34.671469,1041,['Le temps du muet : 1895 - 1929']
74,"Method conference education.
Of far into. Or rise price know together. Firm effect watch she.",['Festival'],['Indie'],['Comedy'],2004-08-10 12:13:06.963451,2274,['Le temps du muet : 1895 - 1929']
75,Similar here after mission on. Reach well generation change risk sell.,['Cinematography'],,,2022-04-25 05:56:40.042160,1099,['Les années 60 : 1959-1967']
76,Technology make authority them class answer.,['ProductPlacement'],['LongShot'],,2010-09-11 15:08:28.786131,2052,['60 ans et +']
77,Soldier open form capital. Me unit population property. Page institution myself.,['Discussion'],['Zoom'],,2005-06-17 10:54:39.376510,3055,['40-59 ans']
78,Fine meet chair indicate economic. White tree executive alone high heart doctor describe. Century question whole laugh rather.,['Cannes'],,,2012-03-04 07:03:28.258024,1993,['Le temps du muet : 1895 - 1929']
79,Market wide economic past especially expect. Happy none style.,['Disney'],,,2020-06-03 14:55:54.157303,789,['Les années 2000 : 2002-2010']
80,"Defense agree fine example industry.
Rather economy else entire air spend.
Argue we success production high front. Read eight most dream.",['Homage'],,['HarryPotter'],2013-09-13 20:34:14.156196,3967,['18-25 ans']
81,Draw would Democrat strategy half share. Force star college street policy assume. Degree concern next change degree government.,['TradingCards'],['Looping'],,2008-09-20 16:16:26.412024,2447,['60 ans et +']
82,Argue appear accept blood avoid where capital. Lay set avoid trial. Coach pull occur leg today. Top argue capital behind maybe traditional.,['RedBandTrailer'],['Interrogation'],['TradingCards'],2014-12-05 05:09:26.556094,1743,['18-25 ans']
83,Us usually low which six then. Admit same office trouble have despite turn. Word might compare situation.,['ProductionDesignBook'],,['ActionPoster'],2005-07-02 21:08:29.220433,3289,['18-25 ans']
84,Career position campaign role arrive policy want myself. Forward north experience like board relate.,['SoundMixing'],['Cameo'],['SilentFilm'],2018-04-01 12:37:30.691305,968,['40-59 ans']
85,Site cold agent American. Over only central plan left recognize avoid people. Because ability current teacher.,['Mixing'],,['TeaserTrailer'],2010-10-26 02:47:59.241202,3897,['60 ans et +']
86,Film give page newspaper business. Another cover south. Talk task lot present pretty building.,['ComicBook'],['ClassicFilm'],,2010-09-26 20:02:02.358341,138,['Le temps du muet : 1895 - 1929']
87,Long particularly heart head may. Two threat large peace of. Late live leg.,['TeaserTrailer'],,['Retrospective'],2023-09-01 07:43:41.007659,2081,"[""L'Age classique : 1930 - 1945""]"
88,Perform check similar quickly. Stock relationship special administration large even really.,['Dolly'],,['FilmSemiotics'],2012-10-10 11:04:37.884490,941,['18-25 ans']
89,Head company interest sea plant feel top. Another really piece a science.,['OpeningNight'],,,2014-01-09 06:34:18.675443,456,['Les années 50 : 1946 -1958']
90,Mrs material father born three while. Into child pull two piece outside theory million. Agreement pay give draw say and.,['Trailer'],['FilmEditing'],,2006-10-13 03:16:18.939425,2871,['Le temps du muet : 1895 - 1929']
91,Face four professor case believe wind condition. Whose main city purpose together let talk. Car mission list provide.,['CinematographyBook'],['Demonstration'],['CinemaScope'],2020-03-20 11:04:12.416151,2329,['40-59 ans']
92,Ago word pull science western worker other. None activity medical physical before throughout cup. Cause accept less talk reach.,['ParallelEditing'],,,2011-10-27 05:35:59.261960,2465,['Les années 80 : 1984-1991']
93,Worry at structure technology. Chair medical among outside a growth hospital. Nice your trip term late phone already.,['FilmStyle'],['EstablishingShot'],['History'],2010-03-27 04:21:33.025774,78,['Les années 2000 : 2002-2010']
94,Everybody month budget kid scene site year reduce. Everybody position still cause. Authority where between fire.,['InternationalTrailer'],['FilmTheory'],,2022-10-22 13:14:02.034179,1628,"[""L'Age classique : 1930 - 1945""]"
95,Baby fire property bad anyone interesting. Century relationship over never type standard fall.,['ADR'],['FilmStructure'],,2013-02-12 18:37:02.829850,1975,['26-39 ans']
96,"Each as behind act it international. Arm I clear town.
Station outside situation your nothing consider. Serve happy piece second debate.",['Interrogation'],,,2022-09-10 05:41:04.951895,2229,['Les années 90 : 1992-2001']
97,Late mean no couple modern record purpose. Agency page born over single need teacher. Each into growth way those industry.,['TeaserTrailer'],['FilmAnalysis'],,2008-08-30 18:55:11.022252,3171,['Les années 2000 : 2002-2010']
98,Service board power. Brother should serve clear type me hand never. Security truth stage adult many worry.,['SoundEditing'],,,2011-02-23 08:48:49.097144,3469,['Les années 70 : 1968-1983']
99,Mind detail reality information statement follow indicate. Total technology hit deal black.,['Superhero'],,['GreenScreen'],2021-09-24 01:57:13.198156,3318,['60 ans et +']
100,Minute per man generation receive increase can. Movie reflect wife. Than win later me serve her worker.,['Prequel'],,['FilmStructure'],2021-02-23 05:15:42.539565,886,['Les années 90 : 1992-2001']
101,Much not once remember. Huge picture form American who not. Politics near catch nor wide.,['GreenBandTrailer'],['Oscar'],,2009-04-08 06:54:00.117519,1415,['Les années 2000 : 2002-2010']
102,Describe source end name trial his. Long with strategy use discuss past quickly.,['Conversation'],['Action'],['Teen'],2008-11-15 08:35:08.175722,806,['Les années 90 : 1992-2001']
103,Partner wish break. Nation computer time family writer beyond. Up green water mouth left itself magazine.,['Featurette'],,,2009-09-12 13:32:34.666469,912,['26-39 ans']
104,Teach parent short kid dinner daughter. Impact body they sport interesting. Ever spend not director actually way begin.,['TieIn'],['Retrospective'],,2005-07-01 11:19:08.580368,1239,['-18 ans']
105,"Fly foreign something you which. Hold professor real prevent. Great ability also term finish agent.
Time once together politics.",['Montage'],,,2017-06-21 06:48:50.499360,1449,['-18 ans']
106,Without order pass discussion training hit current. That over management suggest event. International begin trade join discussion minute.,['OriginalStory'],['TieIn'],,2015-06-25 15:58:11.030868,2049,['18-25 ans']
107,Stop wide daughter avoid civil wall. Authority people box arm. Chance continue state perhaps trouble education discover.,['FilmSemiotics'],,,2007-04-06 12:35:54.313330,3616,['Les années 90 : 1992-2001']
108,Turn price interest range real yeah so. Movie blue effort none health blood.,['Sport'],['DTS'],,2011-05-28 02:55:50.077709,3069,['Les années 2000 : 2002-2010']
109,Subject special party per run number well. Into son center. Blue not business quite fish history.,['StoryboardArt'],,,2005-02-28 02:20:28.305735,623,['18-25 ans']
110,Represent gun attention hundred. Little from through near five any. Music or cell born table view she.,['Teen'],['Adaptation'],,2021-09-27 17:52:59.030711,413,['Les années 2000 : 2002-2010']
111,Happen threat individual world visit institution. No community future moment name political look.,['Voiceover'],,,2014-02-20 13:08:56.818399,669,['Les années 70 : 1968-1983']
112,Couple evening trip art amount rather indicate.,['Wardrobe'],['FilmCriticism'],['Mastering'],2020-08-08 20:54:57.323951,2395,['-18 ans']
113,South old analysis sometimes own on treatment. While value second always reason program. Quality read feeling base book here house.,['Showcase'],['MatchCut'],['Q&A'],2021-05-08 22:51:43.414061,3553,['18-25 ans']
114,"Ready next theory. Value close cause husband. Simply could far out.
Her fish many man type hotel many.",['7.1'],,,2011-04-25 19:44:07.341899,589,['Les années 90 : 1992-2001']
115,"Series want expert manage. Soon book list.
Figure blue spring result.",['SoundtrackAlbum'],,,2015-06-30 11:10:57.664459,1133,['Les années 80 : 1984-1991']
116,Create technology final know ten hotel. Whom enjoy true tonight.,['ActionPoster'],['Biopic'],,2011-03-17 14:00:23.979234,313,['40-59 ans']
117,Discuss keep strong back traditional. Here participant drive. Approach than late cup issue call really.,['FilmIndustry'],['Seminar'],,2020-12-18 12:39:24.980749,97,['Les années 90 : 1992-2001']
118,Bill plan step. Paper value now write set more trip. End address majority effect. Water son want threat arrive employee ball.,['GreenScreen'],,,2020-06-09 02:41:10.774015,1929,['40-59 ans']
119,Fine husband instead range article. Per various magazine minute couple.,['Showcase'],['Collectibles'],,2005-08-14 15:05:42.914085,2818,['Les années 60 : 1959-1967']
120,"Fast discover many edge news table so.
Customer sport green what artist. Relationship available pattern to true nice should night.",['RadioSpot'],['FilmSchool'],,2018-05-13 12:44:08.539417,2689,['Le temps du muet : 1895 - 1929']
121,Senior would western rise which likely race. Board as water cultural area level.,['DTS'],['FilmCritic'],,2017-03-24 05:32:54.787493,1555,['40-59 ans']
122,Your although them somebody ground hotel less. Effort learn seek strategy western wish.,['FilmHistory'],['ScoreAlbum'],['Cameo'],2012-10-23 23:55:38.805395,1805,['Les années 80 : 1984-1991']
123,Situation mind hotel return. Brother can small final executive.,['ComicBook'],,,2008-01-11 02:21:11.106621,495,['18-25 ans']
124,"Low over particularly billion speech. Talk likely man my early environment.
Gun have get lose nice it base.",['BruceWillis'],,,2021-05-12 23:47:53.107063,1847,['Les années 90 : 1992-2001']
125,"Design management beat.
Understand not close yourself country.",['BehindTheScenesBook'],['Drama'],,2005-09-17 09:10:52.097420,1999,['Les années 60 : 1959-1967']
126,Apply support religious mother another be. Enjoy music at them perhaps tell back yourself.,['Oscar'],,['TrackingShot'],2020-05-16 08:49:41.164269,1596,['Les années 50 : 1946 -1958']
127,Become magazine concern laugh analysis control. Set their attorney last. Authority including office positive. Cup form head practice.,['Prequel'],,,2013-01-05 07:37:46.007035,1486,"[""L'Age classique : 1930 - 1945""]"
128,Forward sign walk power list. Charge continue plant place continue especially several specific.,['FilmStyle'],,['GreenBandTrailer'],2020-06-02 15:04:24.936091,1483,['-18 ans']
129,Nice set significant road. Consumer approach firm officer night. Personal listen claim treat actually value central.,['Cameo'],,,2022-08-04 09:21:58.961621,1264,['18-25 ans']
130,Alone leader collection marriage. Each police north wide operation hold prove believe.,['SoundMixing'],['SoundEffect'],,2023-03-24 14:15:06.571940,2768,['26-39 ans']
131,Happy someone street politics. A chance cell wish so exist idea. Actually truth seek fish beat.,['FilmSemiotics'],,,2021-04-06 18:28:26.637647,118,['-18 ans']
132,Begin board even bill step statement thank. Instead president explain happen. Appear wear style now nearly do various.,['CostumeDesignBook'],['FoleyArtist'],,2018-01-20 14:13:11.770306,3810,['Les années 50 : 1946 -1958']
133,Church laugh way. Western deal try mother executive book amount.,['Looping'],['FilmAesthetics'],['MatchCut'],2009-05-04 06:39:27.315511,3866,"[""L'Age classique : 1930 - 1945""]"
134,"Each name pick surface. Notice begin wait accept.
Hard alone per part machine everybody toward. Always strong fire amount more apply.",['SneakPeek'],,,2012-02-20 12:47:29.025159,2960,['-18 ans']
135,Sound article under send. Nor fish toward prevent brother.,['ParallelEditing'],,,2012-03-15 19:41:48.851856,1094,['60 ans et +']
136,Purpose those place few. Another be hour including together meeting. Result street save drive.,['OnSet'],,['FilmClub'],2006-07-10 11:15:42.515860,1203,['26-39 ans']
137,Year involve become. Card strategy population would national sit doctor.,['FilmSemiotics'],['Q&A'],,2022-02-06 22:29:22.481587,3813,['Les années 60 : 1959-1967']
138,Kitchen record start night watch size war phone. Note itself hot myself. It nice senior or.,['FilmScore'],['FilmTheory'],,2007-09-10 14:55:11.465053,1349,['60 ans et +']
139,"Quickly personal carry design. Class beat far assume color.
Military sing good forget. Live rather hear ability store marriage sing.",['RedBandTrailer'],,,2019-03-21 07:33:18.811789,409,['40-59 ans']
140,Strong remember TV understand someone imagine. Wide sister within worker road anything a.,['Symposium'],['EstablishingShot'],['5.1'],2007-09-25 06:42:13.489191,3219,['26-39 ans']
141,Challenge beat catch fight wonder movement. Prove girl four themselves prove market she common.,['FilmForm'],,,2020-07-13 15:51:30.290912,1581,['18-25 ans']
142,"Director couple local.
Agreement act interest professor reduce meet. Two by finally even sure. Computer thought choice staff suddenly.",['Seminar'],['Hitchcock'],,2015-04-02 23:54:06.125667,3277,"[""L'Age classique : 1930 - 1945""]"
143,"Him idea against. Start may even bill.
Woman keep sister.",['HarryPotter'],,['FilmCriticism'],2019-09-12 20:53:21.322280,2814,['40-59 ans']
144,Identify offer style write charge fall. Eight general evidence over mouth site democratic.,['ToyLine'],['SneakPeek'],,2004-09-17 23:54:21.038845,64,['18-25 ans']
145,Experience drive around beyond. Store generation poor nature market democratic long.,['Cannes'],,['TVSpot'],2008-06-12 15:59:32.802130,3813,['26-39 ans']
146,Again door government although meeting. Else cut loss subject discussion.,['Fantasy'],['StarWars'],['Novelization'],2020-04-08 01:33:17.325814,2873,['Les années 90 : 1992-2001']
147,Own media create seek information teacher more may. Clear evening laugh close its drive us.,['Novelization'],,,2017-09-02 05:45:24.785544,380,['Les années 60 : 1959-1967']
148,Nearly cultural everyone lawyer population. Sign feeling best believe grow why realize mean.,['ProductionDesign'],,,2015-11-17 13:41:49.273367,3026,['40-59 ans']
149,Effort film newspaper raise off maintain. Own edge red spend American serious however. Hard wife field collection represent.,['Sport'],,,2011-07-17 09:16:41.479007,2796,['Les années 50 : 1946 -1958']
150,Door happy health foot various. Coach daughter keep order music bad. Imagine father soldier itself cell actually.,['Adaptation'],,['Mono'],2011-05-27 02:27:57.751268,2101,['Les années 90 : 1992-2001']
151,"Land because property.
Article green their adult behind close certain. Quite car you laugh war look. Chance write usually court still.",['InternationalPoster'],['Seminar'],['SilentFilm'],2014-11-21 18:03:27.777056,1402,['Les années 60 : 1959-1967']
152,"Whom ago draw night. Admit those apply structure evening.
Girl style shake why. Sound case imagine worry hair admit.",['Documentary'],,,2016-03-17 03:31:07.606738,3831,['-18 ans']
153,"Level kid present. Main though should. Most drive about author.
Group land family green become network. Score power style level.",['History'],['3D'],['Spot'],2020-08-25 11:44:20.715682,936,['Les années 70 : 1968-1983']
154,Letter election interesting any former.,['Clip'],['Panel'],,2010-09-13 06:11:53.888428,1817,['Les années 60 : 1959-1967']
155,Mind owner man beyond. Security thus similar down.,['SoundEditing'],,,2023-07-19 08:47:15.330229,2740,['26-39 ans']
156,Let yourself lot together arrive. Happen back claim concern. Hold morning along relationship state.,['FilmCriticism'],,,2005-11-03 01:19:29.762252,2999,['Les années 50 : 1946 -1958']
157,"Many organization fall mind hot them own. Particular memory worry standard change.
Television image red state much.",['Teaser'],['ParallelEditing'],,2013-08-20 12:30:10.638894,3895,['-18 ans']
158,"However wide draw arm eye owner soon.
Near bag choose item. Hospital least local. Word window instead already.",['Symposium'],,,2014-07-31 17:03:13.424680,1735,['Les années 70 : 1968-1983']
159,Other note walk street improve hard music. On stop trouble easy thus American nature food.,['Director'],['OriginalStory'],,2019-12-19 18:34:18.832363,2637,['26-39 ans']
160,Final threat former fight bring break brother majority. Little that right effect democratic.,['AmbientSound'],,['Merchandising'],2016-08-23 23:28:49.833794,715,['60 ans et +']
161,Budget individual growth building simply. Project success whatever fear on culture.,['Tarantino'],['TeaserPoster'],,2017-03-29 08:32:50.141659,2998,['-18 ans']
162,Cover north memory. Add sister drug program car old. Long surface night purpose seem together suggest.,['Drama'],,,2012-12-16 19:50:54.865927,597,['-18 ans']
163,"Book test writer difference.
Leg both office lose system he home course. Moment discussion safe leg Mrs.",['SoundDesign'],,,2008-10-01 03:01:58.505841,2078,['Les années 60 : 1959-1967']
164,"Worry treat arm house natural. Study color try party family.
Reflect town site another political. Her young party left popular address.",['Indie'],['Dubbing'],['PerformanceCapture'],2017-11-25 16:23:32.559288,3610,"[""L'Age classique : 1930 - 1945""]"
165,Watch hospital bank watch. Can marriage start which among father side former.,['StoryboardArt'],,['Scene'],2007-08-16 00:33:42.015784,2208,['60 ans et +']
166,Hold audience political government ready year morning. By party PM tonight. Eight magazine same story.,['TeaserTrailer'],,,2016-01-10 07:30:26.341964,2465,['Les années 50 : 1946 -1958']
167,International class dream college save. Current hot oil could ahead too. Which piece protect change. Adult into subject political.,['FilmHistory'],['FilmStyle'],,2010-01-17 13:49:16.695470,2726,['Les années 70 : 1968-1983']
168,Ago perform skill one while help smile. Son man law fall.,['Wardrobe'],,['Sequel'],2022-10-30 20:44:58.511495,1654,['40-59 ans']
169,Carry whom beyond. Fine although respond affect cause husband position. Car personal hard job way. Really kitchen prevent sign.,['SoundtrackAlbum'],['Novelization'],,2018-06-04 11:08:32.086271,2912,['18-25 ans']
170,"Key choose above person morning happen American. This industry field by same conference me.
Enough partner treat know.",['CrossPromotion'],,,2016-06-16 05:18:35.413015,2099,['-18 ans']
171,Provide end happy attorney drop. Attention list start others.,['SoundEditing'],,,2007-12-20 07:20:58.437635,3492,"[""L'Age classique : 1930 - 1945""]"
172,Attack deal interview shoulder daughter determine. Side music Mrs relate trade just.,['FilmStyle'],['Disney'],['FilmSemiotics'],2006-06-12 18:22:20.690768,1893,['Les années 60 : 1959-1967']
173,Find bill anything stand listen end why. Responsibility action although give above performance tax.,['Panel'],['CostumeDesignBook'],,2015-07-08 06:56:23.700967,1433,['Les années 60 : 1959-1967']
174,Speak lead decision record when industry week. Reach own top theory class. Rich station democratic attack off officer.,['Zoom'],['Manga'],['FilmTheory'],2006-08-19 16:58:49.489967,417,['Les années 80 : 1984-1991']
175,Decision pressure who others though buy long. Nearly one degree ball member cost marriage. Time media century remember class no.,['Q&A'],,,2006-07-25 08:09:26.812075,1896,['Les années 90 : 1992-2001']
176,Own agency mission answer money imagine. Hit leave purpose decade movement role. Up issue standard ok nearly magazine.,['FilmNarrative'],,,2017-01-26 07:43:56.633818,539,"[""L'Age classique : 1930 - 1945""]"
177,Bad have million government right best wide. Tonight store alone strategy statement not. Network would drop necessary close use feeling.,['FoleyArtist'],['FilmTheory'],,2021-08-01 23:20:56.687469,38,['18-25 ans']
178,Real likely lot body contain true. Indeed require certain camera north theory. Bag most force.,['Banter'],,['GreenBandTrailer'],2024-04-21 16:28:10.851649,3493,['-18 ans']
179,Purpose explain movie stage woman reflect health. Different military affect serve popular.,['TeaserPoster'],['Disney'],,2007-02-22 13:08:33.083575,140,['Les années 60 : 1959-1967']
180,Under few myself computer what. Buy no but. Black show sure career also.,['MovieMagic'],,['PressConference'],2012-05-11 21:48:26.594415,643,['18-25 ans']
181,Save check report move west strategy home great. Economy late century machine policy reason product speech.,['JamesBond'],,,2023-03-25 16:20:50.124832,3347,['Les années 2000 : 2002-2010']
182,Local rather protect occur center play stage. Too likely mean inside spend. Trouble entire box everyone.,['Workshop'],['ParallelEditing'],,2024-02-06 02:08:03.000277,2039,['60 ans et +']
183,When focus approach sort. So imagine southern line best. Foreign seven although put.,['DVD'],['FilmNarrative'],,2012-09-07 05:50:50.583947,1732,['Les années 60 : 1959-1967']
184,"Southern various author near. Another event cultural religious.
Coach ground friend the resource girl. Project learn next here benefit its.",['DreamSequence'],['Stunt'],,2016-05-09 07:04:51.739589,2370,['Les années 80 : 1984-1991']
185,Husband operation build sit small. National and control pick meeting until simple. Practice tonight the lose he third.,['BoxOffice'],,,2016-12-28 16:21:07.602361,3535,['Les années 80 : 1984-1991']
186,Type interest effect game people fall upon. Ready tough however resource. Yes face call.,['TradingCards'],,,2022-09-22 15:46:28.509254,3986,['Les années 2000 : 2002-2010']
187,"Baby become pattern what.
Part sometimes knowledge large fill foot brother several. Word yard put ten bill fight.",['Pan'],['Casting'],,2009-03-22 05:22:06.654755,2585,['Les années 80 : 1984-1991']
188,Single main lawyer chair subject. Conference tough tonight newspaper assume. Likely law no.,['FilmScore'],['FilmSemiotics'],['FilmGenre'],2021-01-27 22:50:07.046235,1241,['-18 ans']
189,Particular option various respond edge attorney. Popular direction however improve each plan. Parent wear skill TV serve because prove.,['Dubbing'],,,2007-06-22 05:53:34.301859,3402,['26-39 ans']
190,After add work. Beautiful effect including throw church.,['NonDiegeticSound'],,,2022-03-15 07:49:45.440517,2641,['Le temps du muet : 1895 - 1929']
191,Maintain drop leave work. Free last place office more. Early big under budget evidence.,['Steadicam'],,,2021-05-28 04:53:45.567103,3295,['Les années 60 : 1959-1967']
192,Last out true attack push evidence. Point use somebody. Seem fly likely program list our mind.,['SplitScreen'],['CeremonieCesar2020'],,2004-12-31 21:11:50.256287,2349,['-18 ans']
193,Boy mouth reach town change decade job. Nearly floor yet.,['Family'],['Cinematography'],['Showcase'],2010-02-05 00:27:22.709384,1606,"[""L'Age classique : 1930 - 1945""]"
194,Much not stand test. Suddenly affect above action determine already partner civil. General people light chance everybody.,['DolbyAtmos'],,,2008-01-10 03:39:20.059681,1566,['Les années 50 : 1946 -1958']
195,"Describe clear special past national season. Reveal race bed great industry.
Fast same color plan expert.",['SurroundSound'],,,2016-03-19 16:48:13.022925,2955,['Les années 60 : 1959-1967']
196,Road serious although agent. Hair operation charge them single morning great. Player raise front young administration positive.,['FilmAesthetics'],['FilmForm'],,2016-02-21 00:54:29.382282,2277,['Les années 60 : 1959-1967']
197,"Day red TV.
Job bed process watch former. Card provide provide order treat present expect trade.",['Gala'],,['FilmStructure'],2008-04-01 03:47:50.155049,1413,['Les années 80 : 1984-1991']
198,Cover buy television. Whatever open phone participant indicate time. How her attorney address music perform husband.,['Teaser'],['Storyboard'],['Biopic'],2020-05-09 10:18:41.301826,840,['Les années 50 : 1946 -1958']
199,Better various book mission. Theory keep table structure nice hand.,['Convention'],['PerformanceCapture'],,2006-10-08 17:49:54.879827,3345,['18-25 ans']
200,Attack well exist may coach old. Agreement American look pay wait lay respond. Television anyone free themselves quality.,['FilmAesthetics'],,,2010-06-23 07:57:44.794634,3843,['60 ans et +']
201,Draw form fire push against. National believe mind material important enjoy clear send. Already owner central.,['Merchandising'],,['Makeup'],2014-06-24 00:51:10.263430,1005,['Les années 80 : 1984-1991']
202,Guess manager pressure police affect. Article compare stage commercial machine dark program.,['FilmMaking'],['Spielberg'],,2017-01-10 22:09:58.410617,3321,['26-39 ans']
203,Also sea one arrive. Right some meeting.,['CloseUp'],['OfficialGuide'],,2008-09-13 04:59:13.537541,3563,['-18 ans']
204,Impact mouth son finally subject member begin. Still guy artist item political.,['ScoreAlbum'],,['Manga'],2007-04-20 02:01:18.441447,1530,['Le temps du muet : 1895 - 1929']
205,"How simply color middle fast off notice.
Interest modern tend far. Peace break toward nor.",['FilmSemiotics'],,,2023-12-06 00:19:28.675849,2559,['Le temps du muet : 1895 - 1929']
206,Act check true subject pull task. Tough against wait maybe lot. Scientist arm important participant.,['VoiceOver'],,,2005-07-15 06:47:14.478567,3062,['40-59 ans']
207,Base media use difficult unit bring sort. Institution fight middle.,['Voiceover'],['Adaptation'],,2013-09-05 12:59:42.031285,1795,['-18 ans']
208,Term career consider there plan from story consumer. Including though guy almost line answer. System special thank why because scene.,['Crime'],,['Handheld'],2022-06-30 18:20:04.130299,3477,['40-59 ans']
209,"Future success she trial. Too issue important.
Need candidate sell open. Mention morning ten bag.",['Superhero'],,,2020-01-29 09:07:34.533758,358,['Les années 90 : 1992-2001']
210,Much something explain old provide. Great nation shake popular right realize dog.,['SpecialEffects'],['Assembly'],,2010-10-18 07:55:39.587953,2105,['Les années 80 : 1984-1991']
211,Task government center high management lead outside. Scientist she like manager memory positive.,['Symposium'],,['FilmTheory'],2008-03-27 11:29:02.219515,2874,['Les années 70 : 1968-1983']
212,Under arm offer two be simply. Anything teach as financial. City protect party western account network treat hotel.,['CharacterPoster'],,,2022-06-11 05:29:54.589733,1891,['Les années 70 : 1968-1983']
213,"Bank performance let style western leave walk. Recent adult everybody happen born.
Color player road plant into truth.",['Pixar'],['ParallelEditing'],['Action'],2020-11-10 20:29:09.223055,2696,['40-59 ans']
214,General good political economy company. Each quickly finally bad. A near any something five culture.,['TeaserTrailer'],,['SoundDesign'],2022-01-08 23:54:22.766392,3897,['-18 ans']
215,"Hold situation likely me fund past window.
Eye develop conference something. Sure herself summer whatever quite prepare.",['Afterparty'],,,2020-10-18 06:07:31.006059,840,['26-39 ans']
216,Development would position rise. Subject fund into Mrs television consider exist. Tend half in available news appear teacher.,['Director'],,,2012-07-13 20:10:04.390545,3610,['Les années 60 : 1959-1967']
217,"Skill energy few short power he we.
Financial any kind apply. New open news out fear. Pm know which four American recently.",['Preview'],['FilmAesthetics'],,2023-01-26 20:50:05.933370,781,['Les années 70 : 1968-1983']
218,Several identify believe call stuff decision law. Exist agent attention too. Decision and give. Dark others to serve charge.,['Webinar'],,,2015-07-17 16:40:42.973106,2853,['Les années 60 : 1959-1967']
219,Use soldier whom. Former material couple father appear security grow. Popular degree forward religious by simply.,['ClassicFilm'],['OriginalStory'],,2019-06-15 13:11:36.315199,3123,['60 ans et +']
220,"Phone system choice tonight.
Building reduce if phone best. Billion imagine month onto bill plan data.",['FilmSemiotics'],,,2017-05-04 15:45:50.642976,3582,['Le temps du muet : 1895 - 1929']
221,"Hand science look member cut former space. Value rich nearly.
Long expert scene result center phone camera. Guy box boy trade minute.",['Sequel'],,,2021-10-22 18:07:36.264817,3928,['Les années 2000 : 2002-2010']
222,"Into worry suggest trade watch maybe sister year.
Director practice five. Student wait society. House still smile candidate during.",['FilmStructure'],['SurroundSound'],,2012-04-07 07:49:26.952229,2972,['-18 ans']
223,War agree first house option case. Stage goal task material need try minute. Very worker during increase customer travel ever production.,['Blockbuster'],['Action'],,2009-07-12 17:18:32.234094,1013,['26-39 ans']
224,"Weight kind position least behind son everyone.
Support soon himself.",['SoundtrackAlbum'],,,2013-05-07 14:37:09.147925,1237,['Le temps du muet : 1895 - 1929']
225,"Wide door practice.
Outside listen career. Another marriage director very buy know recent. Respond affect write can strategy pull.",['EstablishingShot'],['Looping'],,2014-10-30 01:36:23.216412,613,['Les années 70 : 1968-1983']
226,Half guess point official not sport heart. Rise medical national together. Answer bad short prevent red.,['ForeignFilm'],['ArtPrint'],,2013-10-07 10:16:18.387243,996,"[""L'Age classique : 1930 - 1945""]"
227,"Economic purpose head.
Until store want seek. Artist answer necessary sometimes.",['Demonstration'],['FilmSemiotics'],,2008-01-23 23:06:25.870773,3132,"[""L'Age classique : 1930 - 1945""]"
228,Environment tough marriage keep foot. Sing might do off story show difference.,['Flashforward'],['AwardSeason'],,2013-01-23 15:07:55.180718,1684,['60 ans et +']
229,"American attorney class effect. Voice moment their.
Race my benefit beyond. Own according president. Develop make probably her.",['Banter'],,,2011-08-16 19:39:56.846493,1809,['40-59 ans']
230,Character poor trade suddenly beyond clearly which. Government it within once somebody why strong.,['JumpCut'],['WrapParty'],['FilmGenre'],2020-02-19 15:09:14.602392,1249,['26-39 ans']
231,Ground receive feel natural. Help meet song company born mission hour. Defense memory near daughter trade whole majority.,['FilmLanguage'],,,2014-05-04 08:27:11.342103,527,['-18 ans']
232,Court two newspaper. Walk minute eye job population question public front.,['Producer'],,,2015-08-07 02:13:40.800596,3293,['Les années 80 : 1984-1991']
233,Mean story cup home purpose ask rock dark. Project think program according operation others.,['Keynote'],,,2015-06-27 05:20:08.496664,3661,['Le temps du muet : 1895 - 1929']
234,Best third grow story turn point. Peace care especially else hair.,['RedBandTrailer'],,['JamesBond'],2018-12-24 09:25:19.401874,2012,['26-39 ans']
235,Bit idea beautiful statement look. View will still old night hour order maintain. Use record charge have.,['CostumeDesign'],,,2010-02-07 22:44:00.918732,3157,['Les années 70 : 1968-1983']
236,Ok during but idea. Million boy heart later choose cost serve American.,['Teaser'],['Forum'],,2013-12-06 04:38:30.295434,3824,['Le temps du muet : 1895 - 1929']
237,End poor create follow position break. Force culture it source approach cover name. Back more provide oil.,['Looping'],,,2009-11-03 04:37:38.571195,2277,"[""L'Age classique : 1930 - 1945""]"
238,More east do go step adult. Girl control media charge door hospital. Feeling rather good less.,['OpeningNight'],,['VoiceOver'],2022-04-27 06:03:03.346328,746,['Les années 90 : 1992-2001']
239,Talk spend summer have expect live hope development. War might pretty charge majority.,['TeaserPoster'],['Foley'],,2014-05-21 18:34:58.913802,2642,['26-39 ans']
240,"Use agree oil chair. Throw ability four baby.
Paper section now significant.
Cause top line. Myself animal risk type mother street charge.",['TradingCards'],['Teen'],['Exhibition'],2021-03-17 22:34:42.594070,1747,['Les années 70 : 1968-1983']
241,Difference certain after glass book it. Military raise become yeah exist. Including today each simply hit toward.,['MovieReview'],,['OnSet'],2005-07-13 22:19:27.838218,3632,['Les années 50 : 1946 -1958']
242,Many check statement.,['Presentation'],,['Demonstration'],2015-07-18 18:03:57.167459,937,['60 ans et +']
243,Side food force experience system step while. Letter whose hospital identify. Major fast vote skill.,['Nemo'],,['WrapParty'],2017-04-12 00:37:43.053241,3525,['Les années 80 : 1984-1991']
244,Bill reality direction your once. Could act test technology. Short message staff determine market not season.,['Cinematography'],['DCComics'],['RedCarpet'],2006-11-11 10:00:24.090503,726,['Les années 70 : 1968-1983']
245,Manager side boy success. Or window then will together society food. Such strong together his though see set.,['ProductionDesignBook'],['ActionFigures'],,2012-09-24 18:08:57.067597,66,['26-39 ans']
246,Few special moment party spring or. Minute mother stage. Statement wind analysis.,['FilmStructure'],['Retrospective'],,2019-08-17 01:51:30.460194,3987,['Les années 2000 : 2002-2010']
247,"Our fast month stop. Million career role.
Home country up maintain every. Billion but consumer reflect.",['Streaming'],['IMAX'],['Assembly'],2013-01-10 18:44:10.373563,564,['60 ans et +']
248,Particular six bill when. Success forward create record.,['FilmForm'],['CeremonieCesar2020'],,2013-08-23 09:13:58.996905,955,['Les années 90 : 1992-2001']
249,Major cell few wall above class medical. Cultural force form drug car art often.,['Insert'],['Score'],,2019-08-29 15:20:40.435270,1143,['Les années 50 : 1946 -1958']
250,Everyone plan enjoy consumer between believe. Within official bit worker. Model like newspaper five two room.,['Tarantino'],['CrossCut'],,2006-07-05 02:28:06.874764,2790,['40-59 ans']
251,Which give clearly structure. Party article cultural compare statement card somebody. Difference carry series painting.,['Producer'],['FilmLanguage'],,2015-12-16 04:32:37.420264,1551,['Les années 80 : 1984-1991']
252,Next machine again. Cultural sound development shake until seek. Responsibility lawyer mind reason.,['FilmMaking'],['Cinematography'],,2015-02-24 19:10:39.909326,3468,['Le temps du muet : 1895 - 1929']
253,Especially social less analysis drive consider. Line where trip.,['Storyboard'],['Casting'],['Family'],2011-03-04 20:02:44.330515,1069,['Les années 70 : 1968-1983']
254,Outside art glass radio life such big.,['LordOfTheRings'],['CGI'],,2011-12-04 23:00:10.980573,2179,['Les années 70 : 1968-1983']
255,View perhaps area. Through both family begin rest evidence reveal. Stay either without back among that. Cost anyone surface decade.,['CrossPromotion'],['Afterparty'],,2023-01-23 14:44:20.830496,598,['60 ans et +']
256,Impact full live beautiful hold visit sign. Phone have old several face fill guess. Respond above blood address part century according.,['FilmSemiotics'],,,2013-07-15 05:44:12.582821,3040,['-18 ans']
257,Also all clearly other young difficult nice. Security member environmental national foreign movie.,['FilmScore'],['StoryboardArt'],,2014-01-04 11:59:41.207853,2178,['Les années 90 : 1992-2001']
258,Community plan smile wish writer process area plant. Party party now continue wide memory box.,['StoryboardArt'],['Disney'],,2013-10-01 11:24:16.793617,993,['Les années 80 : 1984-1991']
259,Friend stuff small use step film show. Coach tell democratic outside recognize. Night through happen age.,['ProductionDesignBook'],['Cameo'],['HarryPotter'],2008-12-06 07:48:42.468141,611,['18-25 ans']
260,Detail American energy himself ready. Pattern management page trial industry watch. Draw art final turn work dog.,['Fantasy'],['CeremonieCesar2020'],['TheatericalTrailer'],2013-10-23 11:55:07.277664,3865,"[""L'Age classique : 1930 - 1945""]"
261,Benefit administration also be power all structure data. Stage evidence late gas bag baby.,['Forum'],['SoundtrackAlbum'],,2017-08-13 20:08:47.920815,3902,['Les années 70 : 1968-1983']
262,"Republican right cup. Message long future yes oil player.
Life despite society its once network. They imagine fly free.",['Reboot'],['FilmStructure'],,2018-03-01 13:01:44.840556,1378,['Les années 90 : 1992-2001']
263,"Yourself town sound officer. Then coach despite coach opportunity.
Major professor art military. Author president wonder.",['InternetAd'],,,2015-01-10 02:53:25.675323,2252,['26-39 ans']
264,Staff save possible could or. Agent edge ball wear chance. Education course picture happen beat.,['FilmTheory'],,,2019-09-05 00:23:04.635760,1356,['26-39 ans']
265,My beyond close ever assume difficult. Appear especially simply according fly cup kind daughter. Though water begin throw night present.,['Nemo'],,,2006-09-08 21:45:49.034348,3667,['Les années 90 : 1992-2001']
266,Score road team everyone service. Find surface condition watch thousand act interview guy.,['FilmStructure'],['Superhero'],['BoomOperator'],2017-08-03 18:10:29.793806,403,['Les années 50 : 1946 -1958']
267,Measure myself yet list throughout well.,['FilmStructure'],['StoryboardArt'],,2022-04-04 19:05:33.326934,3250,['Les années 90 : 1992-2001']
268,Situation particular car. Someone community quite. Daughter series actually may available fly.,['Actor'],['JumpCut'],,2016-03-14 17:28:22.084988,2737,['40-59 ans']
269,Similar white travel tonight. Often eat reveal where rule go blue.,['CostumeDesign'],,,2012-06-03 16:11:35.212116,2315,['-18 ans']
270,Read really call type short out rise will. Foot may letter whole. Man less should.,['Mastering'],['FilmClub'],,2019-06-15 13:22:29.335646,3958,['Les années 50 : 1946 -1958']
271,Idea success total ahead author wife stop. Garden medical soon seek eye both story.,['Dialogue'],['Director'],,2006-08-14 16:21:34.569427,3878,['-18 ans']
272,Production region nice although door evening summer natural. Its nothing because message wish task role. Note family mission through.,['FilmAesthetics'],,,2012-10-27 23:51:39.589521,2163,['26-39 ans']
273,Age age feeling certainly add shake all old.,['CostumeDesign'],['Exhibition'],['FilmCriticism'],2009-06-22 10:25:16.091051,3737,['18-25 ans']
274,"Young me sport agent official responsibility never.
Large until rock international serious word indicate. Power strategy great development.",['Sequence'],,['Disney'],2007-07-21 23:20:40.210659,3661,"[""L'Age classique : 1930 - 1945""]"
275,"Seek light new anyone crime than policy travel. Suffer box east wide later reason rock. Family response big ago wrong.
Show as until.",['Director'],['PerformanceCapture'],['ClosingNight'],2006-06-26 22:13:45.721934,1550,['40-59 ans']
276,Space six see lay cultural relate simply. Finally join receive team common upon understand. It recently find hot fish wear.,['Cinematography'],['3D'],,2023-10-06 07:15:46.881659,1822,['Les années 60 : 1959-1967']
277,Watch course responsibility later. Generation perform listen chair wait style. Dinner list walk president.,['Billboard'],['Exhibition'],,2020-01-18 01:33:55.682966,509,['-18 ans']
278,"That include test happy. System under sister town several stock.
Discover dark fine position. Example game either radio world half policy.",['Cut'],,,2023-11-24 18:37:44.106037,1507,['Les années 90 : 1992-2001']
279,Example size heart good half some tend. Past always like believe guess activity onto year. Sound operation participant however society.,['FilmAesthetics'],,,2005-11-07 04:34:19.267985,1341,['26-39 ans']
280,"Hotel recognize teach hotel rock across case laugh. Pattern might total.
Value reduce why home.",['Webinar'],,,2004-10-12 08:34:09.413351,53,['60 ans et +']
281,"Carry number forward eye father.
Recently reason hour level budget future consider. Approach reason leave time body agreement hear.",['BusStopPoster'],,,2015-06-12 22:33:06.239059,3064,['60 ans et +']
282,Amount particularly part fill technology. Treatment give hundred back artist attention.,['FilmForm'],,,2015-12-21 07:08:01.042815,2554,['Les années 70 : 1968-1983']
283,Late week teacher first deep write item. Hard particular might few report chance peace.,['FilmGenre'],,,2009-03-24 13:48:21.001718,496,['-18 ans']
284,Fact true now trip hope pressure. Use talk life sort control consumer north east. Energy perform dark local happen ready increase.,['Documentary'],['History'],['Musical'],2023-11-14 21:15:40.534338,3255,['26-39 ans']
285,Begin help their debate machine require. Trade particularly whatever like short already price forget. Off everybody serious.,['Lecture'],['CeremonieCesar2020'],,2019-01-21 14:00:56.634222,2648,"[""L'Age classique : 1930 - 1945""]"
286,Hit position hot serve too. Itself four huge worker. Lot growth it study something great.,['PerformanceCapture'],,['Interrogation'],2021-10-20 13:35:45.221626,604,['Les années 80 : 1984-1991']
287,General property onto. Democrat sometimes rise meeting. Phone she offer myself result class.,['Shot'],['Seminar'],,2009-05-28 06:09:22.068791,1835,['-18 ans']
288,Important government shoulder where middle accept kitchen. Table main present relationship. Production stage behavior model yet instead.,['Oscar'],,,2011-03-24 19:44:02.451568,3089,['Les années 50 : 1946 -1958']
289,Here safe usually from value father. Already story popular. Picture education travel east west include.,['InternetAd'],,,2017-12-01 20:02:54.722774,3502,['40-59 ans']
290,Rule factor wish line. Particular kitchen guy scene serve size.,['DreamSequence'],['TradingCards'],,2020-09-14 01:00:22.585374,1808,['Les années 90 : 1992-2001']
291,Build science occur Congress drive bank. Student garden first recent require they.,['FilmStructure'],['ActionFigures'],,2012-05-06 04:56:17.072025,3324,['Les années 90 : 1992-2001']
292,Hundred charge know town. Be child find. Election worker task real consumer.,['EstablishingShot'],['Prequel'],,2023-04-10 11:56:46.154620,3035,['Les années 70 : 1968-1983']
293,"Would class measure box adult. Idea want long stuff. Discover crime analysis effect fund east.
Those myself according total hotel although.",['LongShot'],,,2021-09-05 22:54:18.869323,3097,['Le temps du muet : 1895 - 1929']
294,Maybe especially science smile process service identify offer. Make successful thing spring never.,['Biopic'],['FilmGenre'],,2020-04-22 01:01:35.448989,2855,"[""L'Age classique : 1930 - 1945""]"
295,Far deep simple still safe. Reality president government crime pretty bad difference college. Conference carry direction space reason.,['Seminar'],['Sequence'],['ProductionDesignBook'],2020-10-12 02:14:44.437019,156,['Le temps du muet : 1895 - 1929']
296,Question win assume lose leg. Tonight blood real deal billion less. Keep very industry type.,['Storyboard'],['SoundEffect'],,2021-05-14 17:57:47.455935,2989,['40-59 ans']
297,Thousand body likely history. Practice discussion million attack. Develop family action scientist some.,['ActionPoster'],['ActionPoster'],,2006-01-27 11:39:36.957058,3694,['60 ans et +']
298,Improve those military reveal collection anyone. Such newspaper next lead. Pull most sign deep oil wait goal.,['Poster'],['CrossCut'],,2010-11-04 09:55:02.940120,3321,['60 ans et +']
299,"Turn organization area. Realize beat style.
Stock fish science test. Help day soon as.",['Mystery'],,['FilmEditing'],2014-02-24 02:20:01.852224,1997,['-18 ans']
300,Positive until accept voice. North stage sister represent.,['Sequel'],['ScienceFiction'],,2020-11-17 10:35:19.636480,2207,['Le temps du muet : 1895 - 1929']
301,Task need after road power month. Song serious key look trial billion. Pass Congress Democrat.,['IMAX'],['FilmNarrative'],,2017-11-22 09:57:34.811695,711,['Le temps du muet : 1895 - 1929']
302,"Safe with research four price management.
Quality decade summer large other seek ago. Break major team expert very.",['Drama'],['FilmLanguage'],,2024-03-19 20:33:11.121942,41,['Les années 90 : 1992-2001']
303,"Require car a value maybe. Include five word save move word social sound. Watch what animal thus sure day.
Figure thank fly.",['LongShot'],,,2023-10-21 15:46:52.745830,3179,['18-25 ans']
304,Surface church improve wrong apply human. Alone minute land religious force ahead data.,['Fantasy'],,,2022-05-24 03:49:07.130941,2357,['-18 ans']
305,Word director nothing statement cup rock involve. Shoulder fast herself. Congress about letter grow third chair myself owner.,['Manga'],['VisualEffects'],,2014-10-19 10:24:10.751191,1743,['Les années 60 : 1959-1967']
306,Later tonight event nature brother card trial this. Personal ask project leg account center. Skin writer teacher relationship shake.,['Animation'],,,2015-05-18 04:14:42.204485,2580,['Les années 2000 : 2002-2010']
307,Wish TV choose pattern. While executive inside theory government cut evidence.,['FilmSemiotics'],['ScreenplayBook'],,2020-10-23 00:34:44.463301,2901,['40-59 ans']
308,Section hold word church good. Save money fund nice game. Field forward oil minute Congress risk deep fast.,['Convention'],,,2005-09-13 00:33:16.929353,1406,['Les années 80 : 1984-1991']
309,That television perhaps appear different say to. Resource approach loss. Water always someone likely meeting any senior anyone.,['Mixing'],,,2018-04-21 20:03:28.078004,490,['Les années 70 : 1968-1983']
310,On speech finish it. Cup social remember financial agency. Whole political kitchen quickly scene.,['MotionCapture'],['Looping'],,2021-12-25 21:48:28.604820,1228,['Les années 60 : 1959-1967']
311,Instead Democrat leg challenge nothing draw. Its floor seat source spring before.,['Gala'],['FilmForm'],['Shot'],2019-02-11 19:21:41.199357,501,['18-25 ans']
312,Trip offer word break two institution recently. Every data open help serve law condition ability. Note medical indicate hour.,['Featurette'],,['Exhibition'],2023-02-05 12:12:24.041806,3922,['Les années 90 : 1992-2001']
313,Choose interesting art blue office. Picture begin never. Even third late east shake.,['StoryboardArt'],,,2017-04-04 22:21:05.720778,2644,"[""L'Age classique : 1930 - 1945""]"
314,"Always to fact instead current them road light. Nice suddenly cold.
On more partner card drug oil return.",['ForeignFilm'],,['ScreenplayBook'],2018-05-12 15:08:34.213874,1734,['40-59 ans']
315,Movie rise official letter protect. Everything house listen.,['SoundEffect'],['GreenScreen'],,2006-01-20 21:40:44.100738,192,['Les années 90 : 1992-2001']
316,Attention civil hold model gas later friend. Forward experience western political send it arrive. Artist bring yard.,['DVD'],['Looping'],,2023-02-02 13:09:53.368195,1860,['Les années 80 : 1984-1991']
317,Dark pretty include health history similar. Serious quickly fact near able run mother others. Allow degree of well character.,['Workshop'],['OnSet'],,2009-07-18 14:57:45.082787,3036,['Les années 60 : 1959-1967']
318,Specific then usually him yard knowledge partner. Town will write talk represent. Last pressure number direction.,['MakingOf'],,['Interview'],2014-07-30 09:53:10.866383,2719,['Les années 70 : 1968-1983']
319,Role return read shake type customer.,['GreenBandTrailer'],['AwardSeason'],,2017-04-16 09:07:34.047866,854,['Les années 80 : 1984-1991']
320,Strategy until trouble. It history yard lawyer glass stage seven movie.,['Presentation'],['InternationalTrailer'],,2016-03-15 04:37:46.678751,2804,['Les années 80 : 1984-1991']
321,"People full hot charge month able. Serve way end.
Anything above day direction fly.",['InternetAd'],['ActionPoster'],,2023-09-05 21:21:17.606982,2843,['26-39 ans']
322,The need body out cultural instead. Nor surface network far high section.,['Biopic'],,,2010-12-18 13:51:35.629172,326,['Les années 2000 : 2002-2010']
323,Behind fight order early. Human gun amount. Office our research great range scientist.,['Popcorn'],,['ClosingNight'],2006-04-17 02:22:01.419102,349,['Les années 70 : 1968-1983']
324,Our type standard day in whole wrong. Save yeah consider student.,['GreenScreen'],['CrossPromotion'],,2016-06-01 06:38:20.572943,1190,['26-39 ans']
325,All player whatever close second economic. Issue begin consumer movie follow environment single. Minute base far benefit off.,['Spinoff'],,,2016-02-12 18:08:24.520295,410,['Les années 80 : 1984-1991']
326,Animal possible end next lead. Few behind military education himself reflect Republican.,['BusStopPoster'],,,2010-06-13 03:37:24.595423,1602,['Les années 70 : 1968-1983']
327,Much scene nice outside simply member. Cause development live road science.,['FilmForm'],,,2012-01-10 19:25:19.508320,433,['Les années 90 : 1992-2001']
328,But radio member. Rich hundred happy today itself. Key interest score day movie.,['Flashback'],['StarWars'],,2022-03-01 07:45:42.088986,361,['Le temps du muet : 1895 - 1929']
329,Phone choice question require reveal her. Significant drug him technology. Opportunity worry thousand computer.,['CinematographyBook'],,['Western'],2023-09-08 21:01:43.353237,1452,['60 ans et +']
330,Environmental allow answer positive everybody. Leader throughout gun. Consumer keep grow explain here.,['Reception'],['CinemaTickets'],['Reboot'],2012-03-21 00:21:36.975142,1471,['Les années 50 : 1946 -1958']
331,Everything test Mr network. Allow end business thing new performance cause.,['Action'],['Launch'],,2008-02-13 12:48:00.906868,3997,['-18 ans']
332,"Bar federal develop line.
But feeling second I wrong address. Dog pull figure share present. System hospital involve explain.",['InternationalTrailer'],['Mono'],['Hitchcock'],2015-06-13 14:40:24.596355,1576,['60 ans et +']
333,What strategy model list guy best. Play market red over civil himself. Heavy without treat environmental support.,['Demonstration'],['DreamSequence'],,2013-10-17 11:07:07.745823,1237,['Les années 80 : 1984-1991']
334,Cell participant when life lawyer. Apply act able hard wife. Wish stay gun control.,['Score'],['TeaserTrailer'],['Launch'],2008-08-01 05:01:06.800681,2420,['Les années 60 : 1959-1967']
335,His turn Mr maybe our. Short require clearly animal. Name low PM whatever old.,['BoxOffice'],['Voiceover'],,2018-03-20 17:29:22.247119,3248,"[""L'Age classique : 1930 - 1945""]"
336,Fact audience great piece off. Wonder one still senior weight cell. Improve style necessary glass.,['StoryboardArt'],,['TradingCards'],2023-12-20 22:58:51.916458,1153,['60 ans et +']
337,Car it food military investment baby past. Writer because argue.,['FilmScore'],,['Featurette'],2004-07-31 07:01:56.407546,1983,['-18 ans']
338,"Painting campaign Mrs memory care. Ever toward affect party pay.
Our safe particular. Consider check attorney may market social.",['FilmNarrative'],,,2015-08-17 14:58:29.464497,2074,['40-59 ans']
339,Hotel guess attention thing challenge sing live. Deal bar religious south visit. All voice prepare hand claim together around across.,['FilmAesthetics'],,,2017-04-18 22:16:18.432784,2149,['60 ans et +']
340,Marriage tonight before finally mean contain help. Hope opportunity investment capital less still body.,['Tilt'],,['Screening'],2008-06-17 13:40:21.184502,3958,['Le temps du muet : 1895 - 1929']
341,Single heart government sometimes single election knowledge. Total get pretty tell. Tough pattern line picture hear professional real.,['FadeOut'],['Disney'],,2019-01-09 18:55:47.691310,2101,['Les années 50 : 1946 -1958']
342,Sing itself president such. Culture music security subject book. Draw white in agree source. Fact city exist yes down drive.,['TieIn'],,['Disney'],2015-07-03 13:12:48.089462,2906,['-18 ans']
343,Top must site care standard forward hospital. Build two article weight chance.,['Dialogue'],['FilmNarrative'],,2023-12-30 11:03:54.749721,160,['26-39 ans']
344,Policy want also bring least campaign above. Item miss would difference phone energy. Move country business will perhaps decision.,['Cameo'],['3D'],,2015-11-11 22:39:37.007028,2031,['-18 ans']
345,Travel building school note degree people. Way door nothing resource city.,['Cannes'],['SilentFilm'],,2022-05-11 13:07:27.197624,2122,['Le temps du muet : 1895 - 1929']
346,Would take whether up individual organization. Year parent house.,['Flashback'],,,2012-02-14 19:53:43.982275,2849,['60 ans et +']
347,Area measure avoid order. Particular make step medical.,['StarWars'],,,2020-09-05 23:27:53.317748,1033,['Le temps du muet : 1895 - 1929']
348,Feeling minute laugh myself reality station. Focus particularly whatever from possible now.,['VoiceOver'],,,2015-12-08 07:25:42.290387,715,['Les années 2000 : 2002-2010']
349,Pattern now trial evidence mention employee present yard. Tonight position picture life. We create blue Congress traditional full rock.,['Manga'],['Cut'],,2009-02-03 11:06:28.044438,3846,['Les années 90 : 1992-2001']
350,Type out although gas. Often try field plant about. Instead sing person. Idea guess each.,['Steadicam'],,,2010-02-19 10:48:37.962939,803,['Le temps du muet : 1895 - 1929']
351,"Perform indeed note those actually yourself hit. Throughout peace science same poor.
Usually participant interesting but term.",['Conversation'],['Frame'],,2021-02-23 03:13:01.938350,2442,['Les années 2000 : 2002-2010']
352,"Product fine half history. Unit know staff believe. Look computer through.
Away various force sing when least. Skill rock why similar.",['FilmCriticism'],,['Convention'],2008-04-03 09:30:35.371433,241,['26-39 ans']
353,Guy also within just back day stay recent. Take shake too any vote. Act tough star everybody.,['AwardsCeremony'],['FilmSemiotics'],,2021-12-27 19:08:05.957461,993,['-18 ans']
354,Best risk finally gas. She anyone executive turn hundred example. Table question condition each whose artist.,['SoundEffect'],['FilmHistory'],,2007-03-26 00:35:54.246239,3648,['Les années 50 : 1946 -1958']
355,Add mean today cover ball process treat. Wrong community raise could near.,['Thriller'],,['Marvel'],2012-10-07 19:49:47.228392,445,['60 ans et +']
356,Attack argue then manager better prove. Stuff paper special stock. Action ago administration.,['Afterparty'],,['GuerrillaMarketing'],2019-09-06 00:45:41.280482,3469,['Le temps du muet : 1895 - 1929']
357,"Road daughter role land. Change there impact question upon argue.
Leg marriage weight. President man policy defense might finish.",['Premiere'],['FilmCriticism'],,2009-11-01 10:24:58.904155,1542,['26-39 ans']
358,Table despite including place. Describe pretty service now soldier present. Bank main by certainly.,['FilmHistory'],,,2009-09-21 17:43:38.556878,1410,['Les années 70 : 1968-1983']
359,Site show dark notice performance figure.,['JumpCut'],['VoiceOver'],['Tilt'],2009-02-28 18:44:25.468606,2668,['Les années 70 : 1968-1983']
360,Seat food level. Let fire reveal result project concern individual career. I employee seem thing war.,['MovieTheater'],,,2015-12-17 21:39:07.849886,935,['18-25 ans']
361,Stop quality person look. Fish modern discover economic. Same consumer add its mention be.,['Foley'],,,2022-03-21 15:33:02.456919,3164,['-18 ans']
362,Son local arm nation sell spend travel. Child create use prevent amount. Part computer quality old require that.,['Musical'],,,2005-04-17 10:51:51.521929,2436,"[""L'Age classique : 1930 - 1945""]"
363,"Because player artist individual agreement. Road per heavy individual seek lead time.
Then every hundred move.",['BluRay'],['BruceWillis'],['Premiere'],2005-01-10 23:52:45.745394,853,"[""L'Age classique : 1930 - 1945""]"
364,"Majority environment most often stock right job. Figure deep return teacher.
Dark participant goal.",['GreenScreen'],['FilmStyle'],,2004-08-12 09:06:35.787202,2860,['40-59 ans']
365,Strong night create answer miss remain term. Throughout morning available war student they but. Believe suddenly opportunity value report.,['FilmStyle'],,,2011-03-26 10:20:03.286834,2343,['Les années 50 : 1946 -1958']
366,Trial edge better hair professor. Whether event economy great attention international. Bit need want human tonight story.,['Assembly'],,,2022-08-30 14:37:09.583842,1380,['Les années 90 : 1992-2001']
367,Room foreign PM himself. Soldier identify watch. Business myself contain forget pass security among decide.,['Seminar'],,,2012-03-25 07:00:02.682874,1877,['Les années 50 : 1946 -1958']
368,"Rule share stock deal. According anything son design society central.
Trouble admit wife up century. National technology west on its.",['InternationalTrailer'],,,2021-04-26 13:40:30.357315,2657,['26-39 ans']
369,Sport imagine rule prove arrive hope. Term up degree ten through alone.,['MovieReview'],['BoomOperator'],,2022-10-01 04:51:18.299970,1042,['Le temps du muet : 1895 - 1929']
370,"Pattern choice provide test.
Hospital college physical. Game man enough attention story.",['TheatericalTrailer'],['Score'],['CostumeDesign'],2010-02-17 23:22:44.745555,2338,['Les années 60 : 1959-1967']
371,"Reveal its true. Team store relate management. Scene American attorney until visit.
Common sit buy kind. Exist also possible.",['FilmNarrative'],['Crane'],,2018-04-08 05:39:33.745615,2137,['Les années 60 : 1959-1967']
372,Rest away space happy break. Will deep mission economy dream nearly audience. Name drive choose them.,['Looping'],,,2016-08-14 02:58:58.344468,385,['Les années 50 : 1946 -1958']
373,Expect become wonder crime. Town player federal series training Democrat watch.,['ConceptArt'],['Pan'],,2009-11-19 14:35:43.158220,3308,"[""L'Age classique : 1930 - 1945""]"
374,Do on floor. Indicate their remain suddenly those. Ready term and indeed top specific.,['VoiceOver'],['InternationalTrailer'],,2014-06-28 16:19:41.059308,1049,['40-59 ans']
375,Amount economic car coach minute. Occur draw last rock economy ball.,['MakingOf'],['Promo'],['Collectibles'],2020-08-23 00:56:02.766952,1302,['Le temps du muet : 1895 - 1929']
376,Must somebody bring onto. Prove left several claim.,['VisualEffects'],,,2009-09-11 04:56:16.692341,2085,['Les années 60 : 1959-1967']
377,Responsibility account every or. Make room us suddenly through daughter. Book meeting as do anyone able support put.,['Forum'],,,2009-08-03 15:55:37.373587,39,['Les années 90 : 1992-2001']
378,Meeting sea good book thing. Glass certain major life reason leader rest. Surface surface green scene. Hand arrive bed mouth.,['ParallelEditing'],['Monologue'],,2013-06-22 17:38:54.476949,2480,['Les années 2000 : 2002-2010']
379,Option economy north treat. Gas similar down week. Fact sea friend million western kid stuff.,['GreenBandTrailer'],['Adaptation'],['Pan'],2024-04-20 23:10:10.808139,3757,['Le temps du muet : 1895 - 1929']
380,Candidate middle them laugh mean various common. Power sell because agency station.,['Keynote'],['Dialogue'],,2012-06-16 10:23:39.990819,1674,['Les années 50 : 1946 -1958']
381,Control owner leg provide north rise maybe professor. Eye identify democratic now. Card hope behind too.,['ArtPrint'],['Dolly'],['InternationalTrailer'],2012-05-13 05:47:43.291610,1313,['18-25 ans']
382,Minute bed last strategy population. Particular statement write approach reality. Rich chair else around push stuff health.,['Insert'],,,2005-02-02 08:12:41.621150,233,['26-39 ans']
383,Billion physical down yard. Act strong address far turn able.,['MovieMagic'],['RedBandTrailer'],,2015-08-12 15:03:55.290903,3202,['Les années 60 : 1959-1967']
384,Size play oil TV then. College weight home choose fight theory.,['TradingCards'],['ProductPlacement'],,2015-12-27 16:29:53.679971,2669,['40-59 ans']
385,Position color various suffer more pressure recognize along. Rate drop product century according quite. Point share data stuff.,['BoardGame'],['Zoom'],['ConceptArt'],2006-10-16 09:38:26.553967,1891,['Le temps du muet : 1895 - 1929']
386,Family require firm. Out language art much officer.,['Drama'],,,2015-05-10 23:56:20.224044,1715,['Les années 2000 : 2002-2010']
387,Just theory black plant sit bring join. Return hair skin three type. Relationship sport choose treat kitchen serve training.,['SocialMediaCampaign'],,,2019-03-18 19:38:42.096396,3138,['40-59 ans']
388,"As Democrat American set particularly land majority production. Term ten fine charge upon cost.
Board life maybe have police baby article.",['Assembly'],['SetDecoration'],,2004-05-24 14:19:14.881147,3080,['18-25 ans']
389,Reduce best shake section data certainly down. Arrive company many film usually option.,['SubwayPoster'],,,2006-11-05 05:16:53.964156,1271,['26-39 ans']
390,Seven large a theory loss. At million reveal still action might. Reveal why our training treat leader.,['TheatericalTrailer'],,,2007-01-12 15:20:47.483872,2521,['26-39 ans']
391,End attack sure person away animal. Bit will fill top fly likely raise eat.,['ScoreAlbum'],,['FilmLanguage'],2010-01-21 01:09:43.300632,3353,['Les années 2000 : 2002-2010']
392,Manage easy idea free. Food meet account dog.,['AwardSeason'],['SoundMixing'],['FilmForm'],2013-08-16 08:43:34.307784,784,['Les années 50 : 1946 -1958']
393,Expect half training art bag. Spend hot same whose well keep once effect. Decision cost among.,['GuerrillaMarketing'],,,2022-02-11 13:26:48.137118,690,['Les années 2000 : 2002-2010']
394,What cultural feeling ask study this necessary. Clear onto three.,['TheatericalTrailer'],,['FilmAesthetics'],2020-11-26 20:08:45.476079,701,['-18 ans']
395,Message population whose analysis soon else reason put. Fill politics it commercial.,['DreamSequence'],,,2013-12-10 00:50:07.126300,1227,['Les années 50 : 1946 -1958']
396,But customer allow without history. At group vote final author although national step.,['MakingOf'],['Hitchcock'],,2021-02-28 05:10:26.682713,198,['Les années 50 : 1946 -1958']
397,Though interest I take state debate. Forward product rock Congress hospital cultural.,['VisualEffects'],['NonDiegeticSound'],,2004-11-14 15:08:54.023246,3714,['Les années 60 : 1959-1967']
398,Machine bit whatever prepare.,['FadeOut'],['ScienceFiction'],,2010-08-21 01:09:56.847522,3214,['Les années 90 : 1992-2001']
399,Wear rule sister back common evidence. Month ten president trade learn test.,['NonDiegeticSound'],,,2016-06-26 06:12:24.679512,3115,['Les années 70 : 1968-1983']
400,Fall recently of. Cover manage source door high live political.,['Seminar'],['Soliloquy'],,2014-09-19 03:16:59.329338,3010,['40-59 ans']
401,Somebody structure course inside. Theory machine blood interesting term fall serious.,['Casting'],['Demonstration'],,2020-07-04 19:07:46.013974,1298,['Les années 60 : 1959-1967']
402,Herself tax out military success. Them rest produce and. State game one alone. Play admit door person political.,['Zoom'],,,2005-12-26 22:12:51.306865,3455,['Les années 80 : 1984-1991']
403,Exist land administration generation see remember we discuss. Indeed agree position president pay writer she career.,['FilmNarrative'],['HarryPotter'],['FilmAnalysis'],2013-06-23 18:04:36.343446,3648,['26-39 ans']
404,Health floor police sell. Election almost few stay. Let eat beat risk project.,['ParallelEditing'],['StaticShot'],,2005-02-23 14:13:26.726705,2862,['18-25 ans']
405,Notice girl idea speech. Herself bar whatever case sit.,['FilmStyle'],,,2021-02-10 23:50:56.692042,83,['Les années 2000 : 2002-2010']
406,Writer behavior main effect school. Or activity according. Last figure middle recent change official term.,['5.1'],['FilmLanguage'],,2020-07-27 04:24:20.741474,3963,['60 ans et +']
407,Matter leader challenge they travel same quickly. Four relationship why suggest.,['CeremonieCesar2020'],['CGI'],,2022-12-19 09:16:37.906439,1302,['Les années 90 : 1992-2001']
408,"Two remain total little plant type agent.
Majority loss international less. First draw catch out similar happen edge.",['Spielberg'],,,2007-11-05 21:19:14.300585,3316,['Les années 50 : 1946 -1958']
409,Little old movie try suffer. Sure blood relationship meet student network career.,['Meeting'],['MatchCut'],,2016-04-16 17:42:32.499611,2740,['26-39 ans']
410,With standard can might. Car popular detail. Political work bad nation list teach certain consumer.,['Storyboard'],['FilmStyle'],,2020-04-22 15:15:54.570118,1679,['Les années 2000 : 2002-2010']
411,"Power nature deep.
First player truth should blue order sing. Main too eat. Agree arm capital cover simple baby item.",['SoundEditing'],,,2020-10-01 09:58:49.752212,2385,['-18 ans']
412,Nice show sure attack simply control mention. Better recently join their.,['InternetAd'],,['FilmEditing'],2021-07-23 18:28:52.358291,1613,['Les années 50 : 1946 -1958']
413,Two stop check computer hit. Marriage stay wish reality. House her force result resource hotel.,['Montage'],['Fantasy'],,2018-05-14 19:34:01.446113,1958,['Les années 80 : 1984-1991']
414,"Wish create design poor much again collection.
Tonight quite adult five situation remain. Price tonight across among strategy attack.",['Premiere'],['Novelization'],,2023-08-09 08:47:29.664395,258,['Les années 2000 : 2002-2010']
415,Tree fall decade he interview. His thousand recent.,['War'],,,2007-11-08 08:40:45.380990,3060,['60 ans et +']
416,Or decide bank cold might light.,['Teen'],,,2018-06-16 05:17:29.559224,967,['Les années 60 : 1959-1967']
417,Under same draw history. Shake Congress college mean would. Kid speech community life machine could.,['Clip'],,,2010-08-11 06:22:50.103646,661,['60 ans et +']
418,Clearly mention accept.,['ForeignFilm'],['SoundtrackAlbum'],['Festival'],2016-02-23 07:36:48.204319,942,['60 ans et +']
419,At from poor it. At rate computer.,['ActionFigures'],['Family'],,2012-10-29 16:52:40.035449,898,['26-39 ans']
420,Find cause magazine off. As world story place theory beat. Church herself face security report.,['Popcorn'],,,2024-04-16 17:24:30.328667,1272,['18-25 ans']
421,Environmental nothing model hospital them require own. Understand college wait world.,['FilmLanguage'],,,2018-01-14 00:57:46.711935,3252,['-18 ans']
422,President floor now whatever management sister. Away would education.,['Gala'],,,2020-09-18 18:53:00.107579,2955,['Le temps du muet : 1895 - 1929']
423,Nearly several hot trade then. Sound shoulder rate success professor. Along leave very person call improve perhaps image.,['FilmCriticism'],,,2017-12-01 11:53:19.069353,2409,['-18 ans']
424,"Coach quickly scene view. Able focus call. Mean site piece really.
Road chair why soon. World other ball likely consider.",['Screening'],['PressConference'],,2023-01-02 06:45:40.914818,397,['Le temps du muet : 1895 - 1929']
425,Top court key raise. Space option party beat local although. Chair compare easy director.,['BehindTheScenesBook'],,,2018-07-12 16:35:49.001494,3873,['Les années 50 : 1946 -1958']
426,Music short majority race land chance paper. Can no development example true agreement pull. Crime court continue visit third team beyond.,['MotionCapture'],,['FilmClub'],2013-10-30 16:03:28.364904,779,['Les années 2000 : 2002-2010']
427,"More along so floor write top.
Skill middle war. Use boy hope.
Another happy physical nor your evidence table.",['SupportingRole'],,,2022-04-04 15:00:10.551195,821,['Les années 70 : 1968-1983']
428,Series again per about idea seem. Partner wear apply Republican camera foot. Book last cost phone cover some.,['HairStyling'],,,2022-06-01 00:14:49.443775,2187,['Les années 60 : 1959-1967']
429,Thousand agent instead manager people leader happen. Capital sport imagine strong rate movie.,['CrossCut'],['Tribute'],,2008-06-04 07:36:54.523240,130,['Les années 80 : 1984-1991']
430,May simple director still station whose. Field wrong purpose.,['Cinematography'],['Soundtrack'],,2018-07-17 06:40:05.629977,3298,"[""L'Age classique : 1930 - 1945""]"
431,Key help certainly hear. Letter similar peace enough everything happen personal.,['Oscar'],,,2019-03-05 11:22:04.371223,1091,['Les années 70 : 1968-1983']
432,"Though more then.
Want shake bed first. Provide tend space. Move generation color day force.",['Frame'],,,2019-05-08 05:42:04.093728,3781,['40-59 ans']
433,Money participant return hospital large attack they health.,['ActionPoster'],['Demonstration'],,2012-08-12 20:35:53.074018,3706,['Les années 70 : 1968-1983']
434,"No special easy with there. Together poor return town small.
Decision past television explain draw.",['VideoGame'],,,2021-11-28 14:13:49.830747,3043,['Les années 60 : 1959-1967']
435,Save miss six interview even nation seem wide.,['Discussion'],['BluRay'],,2021-03-17 13:23:49.182184,3661,['40-59 ans']
436,Time Republican citizen. Perform skin degree explain beautiful. Ball record owner specific box.,['Musical'],['Crime'],,2023-02-22 09:52:35.909832,3987,['Les années 50 : 1946 -1958']
437,She couple plant continue. Why sit tree at group cell. Able force source force blood research hold.,['Reception'],['SoundMixing'],,2009-12-01 03:31:24.561206,3155,['18-25 ans']
438,Walk seven fly game million. Into ahead raise recognize wear support above.,['FilmScore'],,,2005-11-01 19:46:05.002756,984,['-18 ans']
439,Despite occur strategy nor attention. Produce strategy family require else night quickly.,['FilmAesthetics'],['AwardSeason'],['Cinematography'],2023-12-18 11:17:48.210605,1396,['60 ans et +']
440,Resource race meeting performance cost mean prevent. Red phone myself whatever someone guy stuff.,['Blockbuster'],,,2011-01-21 03:47:35.949060,2724,['Les années 2000 : 2002-2010']
441,Agency guy individual guy money attorney. Receive parent else world feeling. Great cell western suddenly.,['Director'],['Roundtable'],['FilmStructure'],2024-01-29 16:48:15.590097,3664,['18-25 ans']
442,Heart election behavior guess phone probably beyond.,['Discussion'],['Horror'],,2022-07-29 05:40:13.740894,2823,['Les années 2000 : 2002-2010']
443,Agent painting ten this career line. Behind who others nice best. Student maybe design while Republican.,['Popcorn'],,['ParallelEditing'],2016-01-31 22:48:01.759695,450,['Les années 70 : 1968-1983']
444,"Term product citizen real huge. Several should avoid last night what compare.
Pass Mr test scientist. Surface society my see skin.",['OnSet'],,['FilmGenre'],2004-08-24 07:29:59.183721,327,['Les années 2000 : 2002-2010']
445,"Goal young table ground. Sign present power.
Seat role her college free maybe price.",['TieIn'],,['ADR'],2021-01-13 16:44:40.511460,3325,['Les années 60 : 1959-1967']
446,Leave thought page that a south. Because return prove leg. World main society organization participant agreement.,['Panel'],,,2020-05-15 14:24:27.420516,2132,['Les années 50 : 1946 -1958']
447,Everything little statement night present a make. Each three ready no material technology.,['LordOfTheRings'],['FilmEditing'],['Take'],2013-08-10 08:31:09.847632,1608,['Les années 50 : 1946 -1958']
448,Perhaps beautiful business energy authority figure after. Method main peace rise ask others home turn.,['FilmAnalysis'],,,2020-05-24 15:04:14.070250,1926,['-18 ans']
449,About stand prevent job son material. Partner data serious defense. Similar coach door involve alone.,['Cinematography'],['Presentation'],,2020-06-16 10:08:21.003143,2456,['Les années 90 : 1992-2001']
450,I cost real. Many house home next pattern machine store. Structure trip power. Need throw TV next dream may front.,['SplitScreen'],,['Prequel'],2005-12-01 16:04:25.634897,2791,['Le temps du muet : 1895 - 1929']
451,May drop five true big husband field. Process development wall factor receive add low walk. Out example voice buy mention site.,['Teen'],,,2016-01-15 21:15:43.368230,2108,['18-25 ans']
452,Newspaper field performance until will. Reflect structure human. West financial street she card area talk.,['Steadicam'],['ToyLine'],,2022-03-09 23:01:39.577631,306,['Les années 50 : 1946 -1958']
453,"With several serve action husband message.
What discover nation report first ground identify. Instead time late perhaps success speech.",['Festival'],['Biopic'],,2013-07-05 00:56:49.118735,3265,['40-59 ans']
454,Exist great relationship protect cover. Turn enter son. Father maintain significant up pull product.,['ArtDirection'],['Dolly'],,2023-07-01 07:07:35.408096,2515,['Les années 2000 : 2002-2010']
455,"Month any ability they play summer. Can determine different shoulder general boy per.
Mr keep position yet number. Pay yard art.",['Narration'],['HarryPotter'],,2005-06-02 00:35:56.981346,1389,['-18 ans']
456,How final already produce wind alone wife.,['DTS'],,,2017-09-05 08:13:08.263296,137,['26-39 ans']
457,Lose relate card receive teach. Different bed enjoy world agency meet. Try act central political. Be direction rather once.,['Celebration'],['SilentFilm'],,2008-07-14 11:26:23.788036,2047,['60 ans et +']
458,Option article maintain carry. Address cultural picture area summer perhaps. Prepare know leader husband actually politics child.,['OnSet'],,['FilmStyle'],2014-07-23 11:32:05.853402,2553,['Les années 70 : 1968-1983']
459,Special tree force course position investment among chance.,['ArtBook'],['CeremonieCesar2020'],,2011-03-22 13:49:40.840460,1000,['Les années 50 : 1946 -1958']
460,Dog remain everyone growth. Event friend ground involve.,['Prequel'],,,2023-12-18 08:33:42.139415,3522,['Les années 60 : 1959-1967']
461,Where yard take among include. Window face job wear stand catch. Face there son idea a part account threat.,['Remake'],,,2013-05-19 22:58:13.460442,352,['Les années 50 : 1946 -1958']
462,"Hot east action shake who religious plan they. Side process improve.
Type bed wind first court. Chair cover race suddenly.",['DreamSequence'],,,2008-04-08 07:28:06.403422,493,['-18 ans']
463,Line others kid firm really him mention. Together action trade affect opportunity fish vote. Including particular get same occur step.,['InternetAd'],['TVSpot'],['Forum'],2022-08-24 03:59:15.187045,1808,['Les années 70 : 1968-1983']
464,Day maintain defense various Congress. Early sit ever expect back. Product join relate sure. Assume law stock short box above.,['Forum'],,,2022-07-23 09:39:08.330702,1663,['-18 ans']
465,Increase rule design herself social these carry. Second price religious week score million.,['Remake'],['DolbyAtmos'],,2021-12-01 12:27:41.292632,2149,['Les années 2000 : 2002-2010']
466,Million civil itself to factor the turn. Morning toward thing talk deal peace. Director leg until protect.,['RedBandTrailer'],,['HairStyling'],2016-06-20 14:45:24.658794,19,['Les années 50 : 1946 -1958']
467,"Challenge realize book.
War source in day town light never. Toward hear ten into such school capital home.",['CrossCut'],['Stunt'],['Pixar'],2013-02-25 18:20:26.945722,289,['Les années 90 : 1992-2001']
468,Pattern himself firm stuff operation.,['Mono'],['SoundMixing'],,2023-06-25 04:20:23.909839,99,['Les années 60 : 1959-1967']
469,Allow someone law will per station camera letter. Military like big ask old happen.,['FilmClub'],,,2007-07-13 16:18:30.633261,547,['Les années 60 : 1959-1967']
470,"Marriage value agree measure. Or little treat foreign couple top. And military adult government final upon result.
Question get treat song.",['ArtBook'],['FadeOut'],,2013-08-31 20:16:38.392836,3851,['Les années 90 : 1992-2001']
471,Strong race off expect view play interest reality. Agreement quite case collection very treatment success just.,['Franchise'],,,2021-12-12 19:07:17.942587,790,['Les années 60 : 1959-1967']
472,Age bar thus opportunity hour describe. Probably back he affect whose few. Wait mean beat white each.,['FilmLanguage'],['FilmNoir'],['AmbientSound'],2004-12-09 02:02:27.559616,1714,['40-59 ans']
473,Account worker wrong. Congress Congress treatment subject base organization race.,['JamesBond'],['MidnightScreening'],,2022-11-18 15:18:45.027358,2833,['Les années 80 : 1984-1991']
474,Position huge peace soon. Point lot part stop.,['Mastering'],,,2019-03-11 17:15:52.835352,3288,['26-39 ans']
475,"Two nation debate.
Plan already impact. We exactly lawyer through.",['Tarantino'],,,2022-04-03 01:57:50.780794,2465,['40-59 ans']
476,Property window this firm yet finish military room. Back fish wonder cause last example share future. Though crime general next game eat.,['Collectibles'],,['FadeIn'],2009-04-23 17:17:42.681112,3358,['40-59 ans']
477,Face table amount while. Region result audience factor. Campaign half fill business teach a.,['HarryPotter'],,,2005-05-09 12:49:40.271646,3358,['Le temps du muet : 1895 - 1929']
478,"Meeting may prepare any.
Order by responsibility much receive month morning make. Avoid economic ready significant.",['Cinematography'],,,2023-02-04 15:59:50.742767,2215,['Les années 70 : 1968-1983']
479,"Officer store school ago require economy.
Follow number soon. Pick four year inside decide.",['Mastering'],,['Spot'],2010-05-06 05:01:39.966391,398,['Les années 90 : 1992-2001']
480,Character politics return course action. Report late some group start expert.,['FilmEditing'],,,2012-01-14 10:29:49.911366,3326,"[""L'Age classique : 1930 - 1945""]"
481,Exist professional none training season. Add indicate create goal long coach soldier political.,['FoleyArtist'],['GreenScreen'],,2005-02-16 18:46:26.809263,2311,['18-25 ans']
482,Customer popular necessary including explain garden. Year give skill campaign listen street sound.,['FilmCriticism'],,,2016-07-20 05:31:58.230610,1139,['Le temps du muet : 1895 - 1929']
483,Condition choose recent unit great alone reveal. Appear improve certainly type.,['FilmAnalysis'],['Screening'],,2008-06-30 10:26:35.191388,3942,['40-59 ans']
484,Inside cultural several sport just.,['Stunt'],,,2012-12-21 19:45:39.847057,3791,['26-39 ans']
485,Skill right expect memory religious. Wait could nice.,['SubwayPoster'],['Meeting'],,2021-01-13 15:08:59.446415,2538,['-18 ans']
486,Seat day contain only. Might set agree game others use.,['TeaserPoster'],['Casting'],,2008-07-08 02:48:36.941508,3013,['Les années 90 : 1992-2001']
487,Chair similar image imagine. Current industry window grow ground model. Blood each eye something change budget.,['Tarantino'],,,2011-09-01 05:11:58.884115,984,['60 ans et +']
488,Series mouth although at respond style. Government attorney Republican address.,['Crime'],,,2018-03-10 02:49:27.107631,160,['Les années 90 : 1992-2001']
489,Behavior dog sense drop peace. Spring often fast could old thus. Five different dark really career.,['Tribute'],,,2020-12-28 05:31:52.946919,1865,['Les années 80 : 1984-1991']
490,Arrive man more enough report. Including present conference.,['Demonstration'],,,2020-04-24 10:59:08.838201,1407,['-18 ans']
491,But office five sound. Start only draw behavior necessary.,['SilentFilm'],,['Shot'],2015-10-09 02:08:40.075578,1676,['Les années 50 : 1946 -1958']
492,This image safe outside kind. Father traditional understand position civil.,['MovieReview'],,,2020-05-12 05:11:51.790740,3260,['Les années 90 : 1992-2001']
493,Low require can international just. According attention leave avoid federal goal product.,['HairStyling'],,,2017-06-17 00:39:44.315254,1939,['Les années 2000 : 2002-2010']
494,Follow society similar laugh. Modern fast their with democratic. Seven a language view food.,['Afterparty'],,,2013-03-21 13:42:57.534530,1780,['26-39 ans']
495,Friend clearly decade environment enough provide clear. Security letter story bad change music but girl. How fill hand just sign president.,['Romance'],,,2010-11-13 02:10:23.494197,283,['Les années 50 : 1946 -1958']
496,Test nice party. Enjoy term really war feeling fire. More myself book put stage simply consider bring.,['Argument'],['Demonstration'],['SoundDesign'],2011-01-31 05:00:46.304374,1780,['Les années 60 : 1959-1967']
497,"Understand poor skill. Boy eye far technology.
Change church against their. Us radio school market force energy.",['Insert'],['FilmHistory'],['Family'],2020-02-26 16:45:38.985179,847,['60 ans et +']
498,Film decide majority provide parent. Create able series.,['SoundtrackAlbum'],['FilmStructure'],,2011-10-20 13:20:21.813392,3622,['Le temps du muet : 1895 - 1929']
499,Green yeah day organization recognize. Single ever expect affect listen article.,['ExecutiveProducer'],,['Lecture'],2005-11-19 18:01:58.821502,1373,['18-25 ans']
